mediaType,title,year
MOVIE,Chinese Opium Den,1894
MOVIE,A Trip to the Moon,1902
MOVIE,Dr. Dippy's Sanitarium,1906
MOVIE,Dante's Inferno,1911
MOVIE,L'Inferno,1911
MOVIE,Fantômas,1913
MOVIE,Intolerance,1916
MOVIE,Cleopatra,1917
MOVIE,Mickey,1918
MOVIE,Different from the Others,1919
MOVIE,The Cabinet of Dr. Caligari,1919
MOVIE,The Miracle Man,1919
MOVIE,When the Clouds Roll By,1919
MOVIE,Way Down East,1920
MOVIE,Between Two Worlds,1921
MOVIE,Destiny,1921
MOVIE,The Affairs of Anatol,1921
MOVIE,The Phantom Carriage,1921
MOVIE,The Playhouse,1921
MOVIE,Douglas Fairbanks in Robin Hood,1922
MOVIE,Häxan,1922
MOVIE,Nosferatu: A Symphony of Horror,1922
MOVIE,Witchcraft Through the Ages,1922
MOVIE,The Covered Wagon,1923
MOVIE,The Hands of Orlac,1924
MOVIE,The Sea Hawk,1924
MOVIE,Battleship Potemkin,1925
MOVIE,Ben-Hur,1925
MOVIE,Beau Geste,1926
MOVIE,Faust,1926
MOVIE,For Heaven's Sake,1926
MOVIE,College,1927
MOVIE,London After Midnight,1927
MOVIE,Metropolis,1927
MOVIE,Napoléon,1927
MOVIE,The Chess Player,1927
MOVIE,The Unknown,1927
MOVIE,Spies,1928
MOVIE,The Circus,1928
MOVIE,The Passion of Joan of Arc,1928
MOVIE,The Singing Fool,1928
MOVIE,Die Büchse der Pandora,1929
MOVIE,Man with a Movie Camera,1929
MOVIE,Pandora's Box,1929
MOVIE,Sunny Side Up,1929
MOVIE,The Broadway Melody,1929
MOVIE,Un Chien Andalou,1929
MOVIE,Woman in the Moon,1929
MOVIE,Hell's Angels,1930
MOVIE,L'Age d'Or,1930
MOVIE,Beau Hunks,1931
MOVIE,East of Borneo,1931
MOVIE,M,1931
MOVIE,Mädchen in Uniform,1931
MOVIE,Mata Hari,1931
MOVIE,Monkey Business,1931
MOVIE,Night Nurse,1931
MOVIE,Blessed Event,1932
MOVIE,Doctor X,1932
MOVIE,"I Was Born, But...",1932
MOVIE,Island of Lost Souls,1932
MOVIE,Tarzan the Ape Man,1932
MOVIE,The Hounds of Zaroff,1932
MOVIE,The Most Dangerous Game,1932
MOVIE,The Music Box,1932
MOVIE,The Old Dark House,1932
MOVIE,The Sign of the Cross,1932
MOVIE,Vampyr,1932
MOVIE,White Zombie,1932
MOVIE,Blood Money,1933
MOVIE,Cavalcade,1933
MOVIE,Ecstasy,1933
MOVIE,Gabriel Over the White House,1933
MOVIE,I'm No Angel,1933
MOVIE,Narcotic,1933
MOVIE,Queen Christina,1933
MOVIE,The Kennel Murder Case,1933
MOVIE,Zero for Conduct,1933
MOVIE,Zoo in Budapest,1933
MOVIE,Maniac,1934
MOVIE,Of Human Bondage,1934
MOVIE,Street Without a Name,1934
MOVIE,The Black Cat,1934
MOVIE,The Merry Widow,1934
MOVIE,The Scarlet Empress,1934
MOVIE,Wake Up and Dream,1934
MOVIE,Captain Blood,1935
MOVIE,Mad Love,1935
MOVIE,Mark of the Vampire,1935
MOVIE,Mutiny on the Bounty,1935
MOVIE,Sylvia Scarlett,1935
MOVIE,The 39 Steps,1935
MOVIE,The Phantom Empire,1935
MOVIE,Triumph of the Will,1935
MOVIE,Werewolf of London,1935
MOVIE,Camille,1936
MOVIE,Charlie Chan at the Opera,1936
MOVIE,Confessions of a Cheat,1936
MOVIE,Intermezzo,1936
MOVIE,Le Roman d'un tricheur,1936
MOVIE,Marihuana,1936
MOVIE,Night Mail,1936
MOVIE,Reefer Madness,1936
MOVIE,Rembrandt,1936
MOVIE,Rose Hobart,1936
MOVIE,San Francisco,1936
MOVIE,Tell Your Children,1936
MOVIE,The Crime of Monsieur Lange,1936
MOVIE,The Devil-Doll,1936
MOVIE,The Story of a Cheat,1936
MOVIE,The Story of Louis Pasteur,1936
MOVIE,Under Two Flags,1936
MOVIE,You Only Live Once,1937
MOVIE,Holiday,1938
MOVIE,Judas Was a Woman,1938
MOVIE,La Bête Humaine,1938
MOVIE,Olympia Part One: Festival of the Nations,1938
MOVIE,Pygmalion,1938
MOVIE,The Dawn Patrol,1938
MOVIE,The Human Beast,1938
MOVIE,The Terror of Tiny Town,1938
MOVIE,You Can't Take It with You,1938
MOVIE,Beau Geste,1939
MOVIE,Five Came Back,1939
MOVIE,Second Fiddle,1939
MOVIE,The Hunchback of Notre Dame,1939
MOVIE,The Little Princess,1939
MOVIE,Boom Town,1940
MOVIE,Dr. Cyclops,1940
MOVIE,The Great McGinty,1940
MOVIE,The Sea Hawk,1940
MOVIE,The Thief of Bagdad,1940
MOVIE,Waterloo Bridge,1940
MOVIE,"""Pimpernel"" Smith",1941
MOVIE,All That Money Can Buy,1941
MOVIE,Hellzapoppin,1941
MOVIE,Man Hunt,1941
MOVIE,Penny Serenade,1941
MOVIE,The Devil and Daniel Webster,1941
MOVIE,The Devil and Miss Jones,1941
MOVIE,I Married a Witch,1942
MOVIE,Prelude to War,1942
MOVIE,Roxie Hart,1942
MOVIE,Tarzan's New York Adventure,1942
MOVIE,The Mad Monster,1942
MOVIE,Went the Day Well?,1942
MOVIE,Divide and Conquer,1943
MOVIE,For Whom the Bell Tolls,1943
MOVIE,I Walked with a Zombie,1943
MOVIE,Le Corbeau,1943
MOVIE,Meshes of the Afternoon,1943
MOVIE,The Battle of Britain,1943
MOVIE,The Battle of Russia,1943
MOVIE,The Life and Death of Colonel Blimp,1943
MOVIE,The Nazis Strike,1943
MOVIE,The Outlaw,1943
MOVIE,The Silent Village,1943
MOVIE,This Is the Army,1943
MOVIE,Ali Baba and the Forty Thieves,1944
MOVIE,Arsenic and Old Lace,1944
MOVIE,Cobra Woman,1944
MOVIE,"Farewell, My Lovely",1944
MOVIE,"Ivan the Terrible, Part I",1944
MOVIE,"Murder, My Sweet",1944
MOVIE,The Battle of China,1944
MOVIE,When Strangers Marry,1944
MOVIE,Blithe Spirit,1945
MOVIE,Brief Encounter,1945
MOVIE,Children of Paradise,1945
MOVIE,Dead of Night,1945
MOVIE,Hangover Square,1945
MOVIE,I Know Where I'm Going!,1945
MOVIE,Kolberg,1945
MOVIE,My Name Is Julia Ross,1945
MOVIE,"Rome, Open City",1945
MOVIE,Spellbound,1945
MOVIE,The Bells of St. Mary's,1945
MOVIE,The Body Snatcher,1945
MOVIE,The Wicked Lady,1945
MOVIE,War Comes to America,1945
MOVIE,Ziegfeld Follies,1945
MOVIE,A Matter of Life and Death,1946
MOVIE,Beauty and the Beast,1946
MOVIE,Duel in the Sun,1946
MOVIE,Lady in the Lake,1946
MOVIE,Shock,1946
MOVIE,Song of the South,1946
MOVIE,The Beast with Five Fingers,1946
MOVIE,The Locket,1946
MOVIE,The Strange Love of Martha Ivers,1946
MOVIE,The Stranger,1946
MOVIE,Black Narcissus,1947
MOVIE,Body and Soul,1947
MOVIE,Build My Gallows High,1947
MOVIE,Forever Amber,1947
MOVIE,It Always Rains on Sunday,1947
MOVIE,Jassy,1947
MOVIE,Monsieur Verdoux,1947
MOVIE,Nightmare Alley,1947
MOVIE,Odd Man Out,1947
MOVIE,Pursued,1947
MOVIE,The Bishop's Wife,1947
MOVIE,The Cat Concerto,1947
MOVIE,The Ghost and Mrs. Muir,1947
MOVIE,Unconquered,1947
MOVIE,Abbott and Costello Meet Frankenstein,1948
MOVIE,Bicycle Thieves,1948
MOVIE,Blonde Ice,1948
MOVIE,Drunken Angel,1948
MOVIE,Easter Parade,1948
MOVIE,Rope,1948
MOVIE,The Pirate,1948
MOVIE,The Red Shoes,1948
MOVIE,The Snake Pit,1948
MOVIE,I Was a Male War Bride,1949
MOVIE,Kind Hearts and Coronets,1949
MOVIE,Passport to Pimlico,1949
MOVIE,Samson and Delilah,1949
MOVIE,Stray Dog,1949
MOVIE,The Bribe,1949
MOVIE,The Fountainhead,1949
MOVIE,The Lady Gambles,1949
MOVIE,The Set-Up,1949
MOVIE,Whisky Galore!,1949
MOVIE,Destination Moon,1950
MOVIE,Night and the City,1950
MOVIE,Orpheus,1950
MOVIE,Rabbit's Moon,1950
MOVIE,The Blue Lamp,1950
MOVIE,Bedtime for Bonzo,1951
MOVIE,Claws of Iron,1951
MOVIE,Day of the Fight,1951
MOVIE,Diary of a Country Priest,1951
MOVIE,He Ran All the Way,1951
MOVIE,Lost Continent,1951
MOVIE,Superman and the Mole Men,1951
MOVIE,Tetsu no tsume,1951
MOVIE,The Idiot,1951
MOVIE,The Man from Planet X,1951
MOVIE,The Steel Helmet,1951
MOVIE,Tom Brown's Schooldays,1951
MOVIE,Bela Lugosi Meets a Brooklyn Gorilla,1952
MOVIE,Son of Paleface,1952
MOVIE,The Crimson Pirate,1952
MOVIE,The Holly and the Ivy,1952
MOVIE,Abbott and Costello Meet Dr. Jekyll and Mr. Hyde,1953
MOVIE,Beat the Devil,1953
MOVIE,Cat-Women of the Moon,1953
MOVIE,Cosh Boy,1953
MOVIE,Dangerous When Wet,1953
MOVIE,Donovan's Brain,1953
MOVIE,Duck Amuck,1953
MOVIE,Duck Dodgers in the 24½th Century,1953
MOVIE,Gentlemen Prefer Blondes,1953
MOVIE,Glen or Glenda,1953
MOVIE,Mesa of Lost Women,1953
MOVIE,Phantom from Space,1953
MOVIE,Robot Monster,1953
MOVIE,"The 5,000 Fingers of Dr. T.",1953
MOVIE,The Bigamist,1953
MOVIE,The Wages of Fear,1953
MOVIE,The Wild One,1953
MOVIE,Tokyo Story,1953
MOVIE,"20,000 Leagues Under the Sea",1954
MOVIE,Beau Brummell,1954
MOVIE,Creature from the Black Lagoon,1954
MOVIE,Dial M for Murder,1954
MOVIE,Girl Gang,1954
MOVIE,Godzilla,1954
MOVIE,Grisbi,1954
MOVIE,Honour Among Thieves,1954
MOVIE,Inauguration of the Pleasure Dome,1954
MOVIE,Jail Bait,1954
MOVIE,Killers from Space,1954
MOVIE,Suddenly,1954
MOVIE,"Taza, Son of Cochise",1954
MOVIE,"The Beast from 20,000 Fathoms",1954
MOVIE,The Belles of St. Trinian's,1954
MOVIE,The Silver Chalice,1954
MOVIE,Them!,1954
MOVIE,Touchez pas au grisbi,1954
MOVIE,Un chant d'amour,1954
MOVIE,Bride of the Monster,1955
MOVIE,Cinerama Holiday,1955
MOVIE,Day the World Ended,1955
MOVIE,Half Human,1955
MOVIE,It Came from Beneath the Sea,1955
MOVIE,Land of the Pharaohs,1955
MOVIE,Les Diaboliques,1955
MOVIE,Lola Montès,1955
MOVIE,Ordet,1955
MOVIE,Pather Panchali,1955
MOVIE,Rififi,1955
MOVIE,Shack Out on 101,1955
MOVIE,Sissi,1955
MOVIE,Tarantula,1955
MOVIE,Teaserama,1955
MOVIE,The Big Combo,1955
MOVIE,The Big Knife,1955
MOVIE,The Creeping Unknown,1955
MOVIE,The Criminal Life of Archibaldo de la Cruz,1955
MOVIE,The Quatermass Xperiment,1955
MOVIE,This Island Earth,1955
MOVIE,A Man Escaped,1956
MOVIE,And God Created Woman,1956
MOVIE,Bob le flambeur,1956
MOVIE,Earth vs. the Flying Saucers,1956
MOVIE,"Godzilla, King of the Monsters!",1956
MOVIE,It Conquered the World,1956
MOVIE,La Sorcière,1956
MOVIE,"Liane, Jungle Goddess",1956
MOVIE,Love Me Tender,1956
MOVIE,Rock Around the Clock,1956
MOVIE,"Rock, Rock, Rock!",1956
MOVIE,"Shake, Rattle & Rock!",1956
MOVIE,Sissi – The Young Empress,1956
MOVIE,The Case of the Mukkinese Battle-Horn,1956
MOVIE,The Gamma People,1956
MOVIE,The Girl Can't Help It,1956
MOVIE,The Killing,1956
MOVIE,The Man in the Gray Flannel Suit,1956
MOVIE,The Wormwood Star,1956
MOVIE,Yield to the Night,1956
MOVIE,Attack of the Crab Monsters,1957
MOVIE,Fear Strikes Out,1957
MOVIE,Forty Guns,1957
MOVIE,I Was a Teenage Werewolf,1957
MOVIE,Invasion of the Saucer Men,1957
MOVIE,Monster from Green Hell,1957
MOVIE,Night of the Demon,1957
MOVIE,Nights of Cabiria,1957
MOVIE,Run of the Arrow,1957
MOVIE,Sissi – Fateful Years of an Empress,1957
MOVIE,The 27th Day,1957
MOVIE,The Amazing Colossal Man,1957
MOVIE,The Brain from Planet Arous,1957
MOVIE,The Cranes Are Flying,1957
MOVIE,The Curse of Frankenstein,1957
MOVIE,The Dead That Walk,1957
MOVIE,The Giant Claw,1957
MOVIE,The Man Who Turned to Stone,1957
MOVIE,The Monster That Challenged the World,1957
MOVIE,The Mysterians,1957
MOVIE,The Seventh Seal,1957
MOVIE,The Story of Mankind,1957
MOVIE,The Tarnished Angels,1957
MOVIE,The Unearthly,1957
MOVIE,"What's Opera, Doc?",1957
MOVIE,Yantra,1957
MOVIE,Zombies of Mora Tau,1957
MOVIE,A Time to Love and a Time to Die,1958
MOVIE,Ashes and Diamonds,1958
MOVIE,Attack of the 50 Foot Woman,1958
MOVIE,"Bell, Book and Candle",1958
MOVIE,Damn Yankees,1958
MOVIE,Fiend Without a Face,1958
MOVIE,Frankenstein's Daughter,1958
MOVIE,Hercules,1958
MOVIE,High School Confidential,1958
MOVIE,I Bury the Living,1958
MOVIE,I Married a Monster from Outer Space,1958
MOVIE,It! The Terror from Beyond Space,1958
MOVIE,"Ivan the Terrible, part II: The Boyars' Plot",1958
MOVIE,Macabre,1958
MOVIE,Machine-Gun Kelly,1958
MOVIE,Man of the West,1958
MOVIE,Panda and the Magic Serpent,1958
MOVIE,Queen of Outer Space,1958
MOVIE,South Pacific,1958
MOVIE,The Blob,1958
MOVIE,The Brain Eaters,1958
MOVIE,The Cool and the Crazy,1958
MOVIE,The Fly,1958
MOVIE,The Hidden Fortress,1958
MOVIE,The Hideous Sun Demon,1958
MOVIE,The Revenge of Frankenstein,1958
MOVIE,The Tale of the White Serpent,1958
MOVIE,The White Snake Enchantress,1958
MOVIE,War of the Colossal Beast,1958
MOVIE,A Bucket of Blood,1959
MOVIE,Attack of the Giant Leeches,1959
MOVIE,Expresso Bongo,1959
MOVIE,First Man into Space,1959
MOVIE,Horrors of the Black Museum,1959
MOVIE,House on Haunted Hill,1959
MOVIE,Kaagaz Ke Phool,1959
MOVIE,Magic Boy,1959
MOVIE,Nazarín,1959
MOVIE,On the Beach,1959
MOVIE,Pickpocket,1959
MOVIE,Plan 9 from Outer Space,1959
MOVIE,Ride Lonesome,1959
MOVIE,Solomon and Sheba,1959
MOVIE,Teenagers from Outer Space,1959
MOVIE,The Angry Red Planet,1959
MOVIE,The Atomic Submarine,1959
MOVIE,The Best of Everything,1959
MOVIE,The Blood Sword of the 99th Virgin,1959
MOVIE,The Ghost of Yotsuya,1959
MOVIE,The Giant Gila Monster,1959
MOVIE,The Immoral Mr. Teas,1959
MOVIE,The Manster,1959
MOVIE,The Tingler,1959
MOVIE,The Wasp Woman,1959
MOVIE,À bout de souffle,1960
MOVIE,Alakazam the Great,1960
MOVIE,Beyond the Time Barrier,1960
MOVIE,Black Sunday,1960
MOVIE,Breathless,1960
MOVIE,Circus of Horrors,1960
MOVIE,Eyes Without a Face,1960
MOVIE,Female Slave Ship,1960
MOVIE,First Spaceship on Venus,1960
MOVIE,Flaming Star,1960
MOVIE,Heller in Pink Tights,1960
MOVIE,Jigoku,1960
MOVIE,L'Avventura,1960
MOVIE,La maschera del demonio,1960
MOVIE,Last Woman on Earth,1960
MOVIE,Mania,1960
MOVIE,Mughal-e-Azam,1960
MOVIE,Ocean's 11,1960
MOVIE,Peeping Tom,1960
MOVIE,Purple Noon,1960
MOVIE,Shoot the Piano Player,1960
MOVIE,The Amazing Transparent Man,1960
MOVIE,The Flesh and the Fiends,1960
MOVIE,The Flower Thief,1960
MOVIE,The Little Shop of Horrors,1960
MOVIE,The Millionairess,1960
MOVIE,The Private Lives of Adam and Eve,1960
MOVIE,The Silent Star,1960
MOVIE,The Sinners of Hell,1960
MOVIE,The Warped Ones,1960
MOVIE,Allures,1961
MOVIE,Blast of Silence,1961
MOVIE,Do You Believe in Angels?,1961
MOVIE,Gorgo,1961
MOVIE,Greed in Broad Daylight,1961
MOVIE,High Noon for Gangsters,1961
MOVIE,Il Posto,1961
MOVIE,Love Mates,1961
MOVIE,Murder She Said,1961
MOVIE,Mysterious Island,1961
MOVIE,Paris Blues,1961
MOVIE,The Connection,1961
MOVIE,The Day the Earth Caught Fire,1961
MOVIE,The Last War,1961
MOVIE,The Mask,1961
MOVIE,The Misfits,1961
MOVIE,The Phantom Planet,1961
MOVIE,Viridiana,1961
MOVIE,What a Carve Up!,1961
MOVIE,47 Ronin,1962
MOVIE,Cape Fear,1962
MOVIE,Carnival of Souls,1962
MOVIE,Cartouche,1962
MOVIE,"Chūshingura: Hana no Maki, Yuki no Maki",1962
MOVIE,Follow That Dream,1962
MOVIE,Ivan's Childhood,1962
MOVIE,Jules and Jim,1962
MOVIE,Kid Galahad,1962
MOVIE,King Kong vs. Godzilla,1962
MOVIE,La Jetée,1962
MOVIE,Le Doulos,1962
MOVIE,Lonely Are the Brave,1962
MOVIE,Mondo Cane,1962
MOVIE,Panic in Year Zero!,1962
MOVIE,Salvatore Giuliano,1962
MOVIE,Santo vs. las Mujeres Vampiro,1962
MOVIE,The Brain That Wouldn't Die,1962
MOVIE,The Brainiac,1962
MOVIE,The Loneliness of the Long Distance Runner,1962
MOVIE,The Trial,1962
MOVIE,The World's Greatest Sinner,1962
MOVIE,Vivre sa vie,1962
MOVIE,Walk on the Wild Side,1962
MOVIE,War Hunt,1962
MOVIE,Astro Boy,1963
MOVIE,Bay of Angels,1963
MOVIE,Beach Party,1963
MOVIE,Blood Feast,1963
MOVIE,Contempt,1963
MOVIE,Dementia 13,1963
MOVIE,Flaming Creatures,1963
MOVIE,Hands over the City,1963
MOVIE,"It's a Mad, Mad, Mad, Mad World",1963
MOVIE,Jason and the Argonauts,1963
MOVIE,Kings of the Sun,1963
MOVIE,Matango,1963
MOVIE,The Blancheville Monster,1963
MOVIE,The Crawling Hand,1963
MOVIE,The Haunted and the Hunted,1963
MOVIE,The Haunting,1963
MOVIE,The Incredibly Strange Creatures Who Stopped Living and Became Mixed-Up Zombies,1963
MOVIE,The Leopard,1963
MOVIE,The Queen of Sheba Meets the Atom Man,1963
MOVIE,The Servant,1963
MOVIE,The Terror,1963
MOVIE,X: The Man with the X-ray Eyes,1963
MOVIE,2000 Maniacs,1964
MOVIE,633 Squadron,1964
MOVIE,7 Faces of Dr. Lao,1964
MOVIE,A Fistful of Dollars,1964
MOVIE,A Shot in the Dark,1964
MOVIE,At Midnight I'll Take Your Soul,1964
MOVIE,Bande à part,1964
MOVIE,"Black God, White Devil",1964
MOVIE,Blow Job,1964
MOVIE,Carry On Cleo,1964
MOVIE,Empire,1964
MOVIE,Gonks Go Beat,1964
MOVIE,Henri-Georges Clouzot's Inferno,1964
MOVIE,Hercules Against the Moon Men,1964
MOVIE,Kwaidan,1964
MOVIE,Lemonade Joe,1964
MOVIE,Lilith,1964
MOVIE,Marnie,1964
MOVIE,Pale Flower,1964
MOVIE,Re-Entry,1964
MOVIE,Robinson Crusoe on Mars,1964
MOVIE,Santa Claus Conquers the Martians,1964
MOVIE,Scorpio Rising,1964
MOVIE,Séance on a Wet Afternoon,1964
MOVIE,Sleep,1964
MOVIE,The Gospel According to St. Matthew,1964
MOVIE,The Last Man on Earth,1964
MOVIE,The Leather Boys,1964
MOVIE,The Long Hair of Death,1964
MOVIE,The Masque of the Red Death,1964
MOVIE,The Naked Kiss,1964
MOVIE,The Time Travelers,1964
MOVIE,Two Thousand Maniacs!,1964
MOVIE,Viva Las Vegas,1964
MOVIE,Woman in the Dunes,1964
MOVIE,Zulu,1964
MOVIE,Alphaville,1965
MOVIE,Bunny Lake Is Missing,1965
MOVIE,Creature of the Walking Dead,1965
MOVIE,Dog Star Man,1965
MOVIE,Dont Look Back,1965
MOVIE,Dr. Goldfoot and the Bikini Machine,1965
MOVIE,Dr. Terror's House of Horrors,1965
MOVIE,"Faster, Pussycat! Kill! Kill!",1965
MOVIE,"Gamera, the Giant Monster",1965
MOVIE,Harum Scarum,1965
MOVIE,Help,1965
MOVIE,I Saw What You Did,1965
MOVIE,Invasion of Astro-Monster,1965
MOVIE,Mudhoney,1965
MOVIE,Planet of the Vampires,1965
MOVIE,Primitive London,1965
MOVIE,Repulsion,1965
MOVIE,Shadows of Forgotten Ancestors,1965
MOVIE,Sins of the Fleshapoids,1965
MOVIE,The 10th Victim,1965
MOVIE,The Cincinnati Kid,1965
MOVIE,The Hill,1965
MOVIE,The Loved One,1965
MOVIE,The Nanny,1965
MOVIE,The Saragossa Manuscript,1965
MOVIE,Vinyl,1965
MOVIE,What's New Pussycat?,1965
MOVIE,Wild Seed,1965
MOVIE,A Bullet for the General,1966
MOVIE,Andrei Rublev,1966
MOVIE,Batman,1966
MOVIE,Billy the Kid Versus Dracula,1966
MOVIE,Blowup,1966
MOVIE,Chafed Elbows,1966
MOVIE,Chelsea Girls,1966
MOVIE,Closely Watched Trains,1966
MOVIE,Cul-de-sac,1966
MOVIE,Daimajin,1966
MOVIE,Daisies,1966
MOVIE,Django,1966
MOVIE,Fahrenheit 451,1966
MOVIE,Fantastic Voyage,1966
MOVIE,Island of Terror,1966
MOVIE,Jesse James Meets Frankenstein's Daughter,1966
MOVIE,Jungle Emperor,1966
MOVIE,Kaleidoscope,1966
MOVIE,"Kill, Baby, Kill",1966
MOVIE,Kimba the White Lion,1966
MOVIE,King of Hearts,1966
MOVIE,Lapis,1966
MOVIE,Manos: The Hands of Fate,1966
MOVIE,Modesty Blaise,1966
MOVIE,Night Games,1966
MOVIE,One Million Years B.C.,1966
MOVIE,Persona,1966
MOVIE,Queen of Blood,1966
MOVIE,Return of Daimajin,1966
MOVIE,Ride in the Whirlwind,1966
MOVIE,The Appaloosa,1966
MOVIE,The Bible: In the Beginning...,1966
MOVIE,The Face of Another,1966
MOVIE,The Frozen Dead,1966
MOVIE,"The Good, the Bad and the Ugly",1966
MOVIE,The Navy vs. the Night Monsters,1966
MOVIE,The Nun,1966
MOVIE,The Reptile,1966
MOVIE,The Shooting,1966
MOVIE,The Taking of Power by Louis XIV,1966
MOVIE,The War Game,1966
MOVIE,The War of the Gargantuas,1966
MOVIE,The Wild Angels,1966
MOVIE,Tokyo Drifter,1966
MOVIE,"What's Up, Tiger Lily?",1966
MOVIE,Who Wants to Kill Jessie?,1966
MOVIE,Wrath of Daimajin,1966
MOVIE,Young Törless,1966
MOVIE,Bedazzled,1967
MOVIE,Belle de Jour,1967
MOVIE,Branded to Kill,1967
MOVIE,Carry On Don't Lose Your Head,1967
MOVIE,Carry On Follow That Camel,1967
MOVIE,Casino Royale,1967
MOVIE,Death Rides a Horse,1967
MOVIE,Face to Face,1967
MOVIE,Five Million Years to Earth,1967
MOVIE,Gappa: The Triphibian Monster,1967
MOVIE,Hallucination Generation,1967
MOVIE,Hells Angels on Wheels,1967
MOVIE,Hillbillys in a Haunted House,1967
MOVIE,I'll Never Forget What's'isname,1967
MOVIE,Journey to the Center of Time,1967
MOVIE,Kill and Pray,1967
MOVIE,Le Samouraï,1967
MOVIE,Magical Mystery Tour,1967
MOVIE,Mondo Hollywood,1967
MOVIE,O.K. Connery,1967
MOVIE,Oedipus Rex,1967
MOVIE,Operation Kid Brother,1967
MOVIE,Quatermass and the Pit,1967
MOVIE,Requiescant,1967
MOVIE,Rita of the West,1967
MOVIE,Spider Baby,1967
MOVIE,The End of Agent W4C,1967
MOVIE,The Fearless Vampire Killers,1967
MOVIE,The Million Eyes of Sumuru,1967
MOVIE,The President's Analyst,1967
MOVIE,The Terrornauts,1967
MOVIE,The Trip,1967
MOVIE,Tony Rome,1967
MOVIE,Torture Garden,1967
MOVIE,Valley of the Dolls,1967
MOVIE,Viy,1967
MOVIE,War and Peace,1967
MOVIE,Wavelength,1967
MOVIE,Weekend,1967
MOVIE,5 Card Stud,1968
MOVIE,Barbarella,1968
MOVIE,Brides of Blood,1968
MOVIE,Carry On Up the Khyber,1968
MOVIE,Chitty Chitty Bang Bang,1968
MOVIE,Coogan's Bluff,1968
MOVIE,Danger: Diabolik,1968
MOVIE,Destroy All Monsters,1968
MOVIE,"Diaries, Notes, and Sketches",1968
MOVIE,Flesh,1968
MOVIE,"Goke, Body Snatcher from Hell",1968
MOVIE,Greetings,1968
MOVIE,Head,1968
MOVIE,Hour of the Wolf,1968
MOVIE,Ice Station Zebra,1968
MOVIE,if....,1968
MOVIE,Le Viol du Vampire,1968
MOVIE,Les idoles,1968
MOVIE,Murder a la Mod,1968
MOVIE,Petulia,1968
MOVIE,Pretty Poison,1968
MOVIE,Psych-Out,1968
MOVIE,Secret Ceremony,1968
MOVIE,Skidoo,1968
MOVIE,Spirits of the Dead,1968
MOVIE,Symbiopsychotaxiplasm,1968
MOVIE,Targets,1968
MOVIE,The Acid Eaters,1968
MOVIE,The Anniversary,1968
MOVIE,The Astro-Zombies,1968
MOVIE,The Big Silence,1968
MOVIE,The Bride Wore Black,1968
MOVIE,The Chronicle of Anna Magdalena Bach,1968
MOVIE,The Conqueror Worm,1968
MOVIE,The Devil Rides Out,1968
MOVIE,The Girl on a Motorcycle,1968
MOVIE,The Great Silence,1968
MOVIE,The Green Slime,1968
MOVIE,The Killing of Sister George,1968
MOVIE,The Movie Orgy,1968
MOVIE,The Rape of the Vampire,1968
MOVIE,The Swimmer,1968
MOVIE,The Thomas Crown Affair,1968
MOVIE,Walden,1968
MOVIE,Where Eagles Dare,1968
MOVIE,Wild in the Streets,1968
MOVIE,Witchfinder General,1968
MOVIE,Yellow Submarine,1968
MOVIE,Alice in Acidland,1969
MOVIE,Antonio das Mortes,1969
MOVIE,Army of Shadows,1969
MOVIE,Burn!,1969
MOVIE,Dillinger Is Dead,1969
MOVIE,Django the Bastard,1969
MOVIE,Fellini Satyricon,1969
MOVIE,Funeral Parade of Roses,1969
MOVIE,Horrors of Malformed Men,1969
MOVIE,Invocation of My Demon Brother,1969
MOVIE,Latitude Zero,1969
MOVIE,Macunaíma,1969
MOVIE,Medea,1969
MOVIE,Mondo Trasho,1969
MOVIE,More,1969
MOVIE,Nightmare in Wax,1969
MOVIE,Oh! What a Lovely War,1969
MOVIE,Pigsty,1969
MOVIE,Porcile,1969
MOVIE,Sweet Charity,1969
MOVIE,The Bed Sitting Room,1969
MOVIE,The Color of Pomegranates,1969
MOVIE,The Cremator,1969
MOVIE,The Italian Job,1969
MOVIE,The Joke,1969
MOVIE,The Price of Power,1969
MOVIE,The Rain People,1969
MOVIE,The Royal Hunt of the Sun,1969
MOVIE,The Sadistic Hypnotist,1969
MOVIE,The Sicilian Clan,1969
MOVIE,The Unfaithful Wife,1969
MOVIE,Torture Dungeon,1969
MOVIE,"Wanda, the Sadistic Hypnotist",1969
MOVIE,What Ever Happened to Aunt Alice?,1969
MOVIE,Yakuza Law,1969
MOVIE,Awakening of the Beast,1970
MOVIE,Beyond the Valley of the Dolls,1970
MOVIE,Bloody Mama,1970
MOVIE,Borsalino,1970
MOVIE,Catch-22,1970
MOVIE,Colossus: The Forbin Project,1970
MOVIE,Cry of the Banshee,1970
MOVIE,Deep End,1970
MOVIE,Donkey Skin,1970
MOVIE,El Topo,1970
MOVIE,Emperor Tomato Ketchup,1970
MOVIE,Equinox,1970
MOVIE,Even Dwarfs Started Small,1970
MOVIE,Gas-s-s-s,1970
MOVIE,Gimme Shelter,1970
MOVIE,Horror of the Blood Monsters,1970
MOVIE,I Drink Your Blood,1970
MOVIE,"Kamikaze Cop, Marihuana Syndicate",1970
MOVIE,Le Boucher,1970
MOVIE,Mera Naam Joker,1970
MOVIE,Monte Walsh,1970
MOVIE,Multiple Maniacs,1970
MOVIE,Myra Breckinridge,1970
MOVIE,No Blade of Grass,1970
MOVIE,Performance,1970
MOVIE,Quiet Days in Clichy,1970
MOVIE,Satanis: The Devil's Mass,1970
MOVIE,Schulmädchen-Report,1970
MOVIE,Scream and Scream Again,1970
MOVIE,Soldier Blue,1970
MOVIE,Space Amoeba,1970
MOVIE,Straight and Narrow,1970
MOVIE,The Bird with the Crystal Plumage,1970
MOVIE,The Boys in the Band,1970
MOVIE,The Butcher,1970
MOVIE,The Clowns,1970
MOVIE,The Honeymoon Killers,1970
MOVIE,The Lickerish Quartet,1970
MOVIE,The Phantom Tollbooth,1970
MOVIE,The Private Life of Sherlock Holmes,1970
MOVIE,The Railway Children,1970
MOVIE,The Spider's Stratagem,1970
MOVIE,The Twelve Chairs,1970
MOVIE,The Vampire Lovers,1970
MOVIE,Too Late the Hero,1970
MOVIE,Trash,1970
MOVIE,Trog,1970
MOVIE,Two Mules for Sister Sara,1970
MOVIE,Valerie and Her Week of Wonders,1970
MOVIE,Where's Poppa?,1970
MOVIE,White Sun of the Desert,1970
MOVIE,Yog: Monster from Space,1970
MOVIE,200 Motels,1971
MOVIE,A Lizard in a Woman's Skin,1971
MOVIE,A Touch of Zen,1971
MOVIE,Bananas,1971
MOVIE,Billy Jack,1971
MOVIE,Blood from the Mummy's Tomb,1971
MOVIE,Boys in the Sand,1971
MOVIE,Brain of Blood,1971
MOVIE,Cemetery Girls,1971
MOVIE,Countess Dracula,1971
MOVIE,Daughters of Darkness,1971
MOVIE,Dracula vs. Frankenstein,1971
MOVIE,Duel,1971
MOVIE,Exposed,1971
MOVIE,Family Life,1971
MOVIE,Get Carter,1971
MOVIE,I Eat Your Skin,1971
MOVIE,Johnny Got His Gun,1971
MOVIE,Lady Frankenstein,1971
MOVIE,Let's Scare Jessica to Death,1971
MOVIE,Malpertuis,1971
MOVIE,Minnie and Moskowitz,1971
MOVIE,Play Misty for Me,1971
MOVIE,Punishment Park,1971
MOVIE,She Killed in Ecstasy,1971
MOVIE,Sometimes Aunt Martha Does Dreadful Things,1971
MOVIE,Straw Dogs,1971
MOVIE,Sympathy for the Underdog,1971
MOVIE,The Act of Seeing with One's Own Eyes,1971
MOVIE,The Anderson Tapes,1971
MOVIE,The Andromeda Strain,1971
MOVIE,The Beguiled,1971
MOVIE,The Blood on Satan's Claw,1971
MOVIE,The Boy Friend,1971
MOVIE,The Corpse Grinders,1971
MOVIE,The Devil's Nightmare,1971
MOVIE,The Devils,1971
MOVIE,The Grissom Gang,1971
MOVIE,The Hired Hand,1971
MOVIE,The House That Dripped Blood,1971
MOVIE,The Incredible 2-Headed Transplant,1971
MOVIE,The Last Movie,1971
MOVIE,The Legend of Doom House,1971
MOVIE,The Moon and the Sledgehammer,1971
MOVIE,The Music Lovers,1971
MOVIE,The New One-Armed Swordsman,1971
MOVIE,The Omega Man,1971
MOVIE,The Panic in Needle Park,1971
MOVIE,The Undying Brain,1971
MOVIE,The Velvet Vampire,1971
MOVIE,They Might Be Giants,1971
MOVIE,THX 1138,1971
MOVIE,Vampyros Lesbos,1971
MOVIE,Vanishing Point,1971
MOVIE,Villain,1971
MOVIE,Viva la Muerte,1971
MOVIE,Walkabout,1971
MOVIE,Wednesday's Child,1971
MOVIE,WR: Mysteries of the Organism,1971
MOVIE,Zachariah,1971
MOVIE,Across 110th Street,1972
MOVIE,"Aguirre, the Wrath of God",1972
MOVIE,All the Colors of the Dark,1972
MOVIE,Asylum,1972
MOVIE,Behind the Green Door,1972
MOVIE,Ben,1972
MOVIE,Blacula,1972
MOVIE,Blast!,1972
MOVIE,Caliber 9,1972
MOVIE,Ciao! Manhattan,1972
MOVIE,Cisco Pike,1972
MOVIE,Cocksucker Blues,1972
MOVIE,Death Line,1972
MOVIE,Deep Throat,1972
MOVIE,Do Gaz Zameen Ke Neeche,1972
MOVIE,Don't Torture a Duckling,1972
MOVIE,Ecstasy of the Angels,1972
MOVIE,Everything You Always Wanted to Know About Sex*,1972
MOVIE,Female Convict Scorpion: Jailhouse 41,1972
MOVIE,Female Prisoner #701: Scorpion,1972
MOVIE,Fist of Fury,1972
MOVIE,Fleshpot on 42nd Street,1972
MOVIE,Fritz the Cat,1972
MOVIE,Girl Boss Guerilla,1972
MOVIE,Godzilla vs. Gigan,1972
MOVIE,Harlis,1972
MOVIE,Heat,1972
MOVIE,Horror Express,1972
MOVIE,Jeremiah Johnson,1972
MOVIE,Justine De Sade,1972
MOVIE,Le diable est parmi nous,1972
MOVIE,Lone Wolf and Cub: Baby Cart at the River Styx,1972
MOVIE,Lucifer Rising,1972
MOVIE,Ludwig: Requiem for a Virgin King,1972
MOVIE,Night of the Bloody Apes,1972
MOVIE,Night of the Lepus,1972
MOVIE,"Play It Again, Sam",1972
MOVIE,Raw Meat,1972
MOVIE,Satan's Sabbath,1972
MOVIE,Silent Running,1972
MOVIE,Sisters,1972
MOVIE,Solaris,1972
MOVIE,Spirit of the Dead,1972
MOVIE,Street Mobster,1972
MOVIE,Tales from the Crypt,1972
MOVIE,The Adventures of Barry McKenzie,1972
MOVIE,The Asphyx,1972
MOVIE,The Bitter Tears of Petra von Kant,1972
MOVIE,The Blood Spattered Bride,1972
MOVIE,The Cannibal Man,1972
MOVIE,The Demon Within,1972
MOVIE,The Erotomaniac Daimyo,1972
MOVIE,The Final Comedown,1972
MOVIE,The Gore Gore Girls,1972
MOVIE,The Happiness Cage,1972
MOVIE,The Harder They Come,1972
MOVIE,The Horror of Death,1972
MOVIE,The Hot Rock,1972
MOVIE,The Last House on the Left,1972
MOVIE,The Mind Snatchers,1972
MOVIE,The Possession of Virginia,1972
MOVIE,The Sensuous Three,1972
MOVIE,The Thing With Two Heads,1972
MOVIE,Tombs of the Blind Dead,1972
MOVIE,Tout va bien,1972
MOVIE,Trouble Man,1972
MOVIE,Ulzana's Raid,1972
MOVIE,"What's Up, Doc?",1972
MOVIE,Battles Without Honor and Humanity,1973
MOVIE,Battles Without Honor and Humanity: Deadly Fight in Hiroshima,1973
MOVIE,Battles Without Honor and Humanity: Proxy War,1973
MOVIE,Belladonna of Sadness,1973
MOVIE,Black Caesar,1973
MOVIE,Black Mama White Mama,1973
MOVIE,Blood Orgy of the She-Devils,1973
MOVIE,Cannibal Girls,1973
MOVIE,Charley Varrick,1973
MOVIE,Coffy,1973
MOVIE,Count Dracula's Great Love,1973
MOVIE,Curse of the Devil,1973
MOVIE,Death Ward #13,1973
MOVIE,Dillinger,1973
MOVIE,Don't Look in the Basement,1973
MOVIE,Don't Look Now,1973
MOVIE,El Retorno de Walpurgis,1973
MOVIE,Electra Glide in Blue,1973
MOVIE,Executive Action,1973
MOVIE,F for Fake,1973
MOVIE,Fantastic Planet,1973
MOVIE,Five on the Black Hand Side,1973
MOVIE,Flesh for Frankenstein,1973
MOVIE,Gordon's War,1973
MOVIE,Heavy Traffic,1973
MOVIE,High Crime,1973
MOVIE,High Plains Drifter,1973
MOVIE,I Will Walk Like a Crazy Horse,1973
MOVIE,Karate Kiba,1973
MOVIE,Kid Blue,1973
MOVIE,La Grande Bouffe,1973
MOVIE,La Planète sauvage,1973
MOVIE,Lady Snowblood,1973
MOVIE,Last House on Massacre Street,1973
MOVIE,My Name Is Nobody,1973
MOVIE,Nightmare Circus,1973
MOVIE,Papillon,1973
MOVIE,Pat Garrett and Billy the Kid,1973
MOVIE,Psychomania,1973
MOVIE,Scarecrow,1973
MOVIE,Schlock,1973
MOVIE,Scream Blacula Scream,1973
MOVIE,Shaft in Africa,1973
MOVIE,Sleeper,1973
MOVIE,Soylent Green,1973
MOVIE,Submersion of Japan,1973
MOVIE,Super Fly T.N.T.,1973
MOVIE,Terminal Island,1973
MOVIE,Terror Circus,1973
MOVIE,The Baby,1973
MOVIE,The Barn of the Naked Dead,1973
MOVIE,The Bodyguard,1973
MOVIE,The Bride,1973
MOVIE,The Crazies,1973
MOVIE,The Day of the Jackal,1973
MOVIE,The Devil in Miss Jones,1973
MOVIE,The Devil's Wedding Night,1973
MOVIE,The Forgotten,1973
MOVIE,The Holy Mountain,1973
MOVIE,The House That Cried Murder,1973
MOVIE,The Mack,1973
MOVIE,The Offence,1973
MOVIE,The Satanic Rites of Dracula,1973
MOVIE,The Tenderness of Wolves,1973
MOVIE,The Werewolf of Washington,1973
MOVIE,The Wicker Man,1973
MOVIE,Theatre of Blood,1973
MOVIE,Thriller – A Cruel Picture,1973
MOVIE,Torso,1973
MOVIE,Turkish Delight,1973
MOVIE,We Can't Go Home Again,1973
MOVIE,Westworld,1973
MOVIE,Ali: Fear Eats the Soul,1974
MOVIE,Battles Without Honor and Humanity: Final Episode,1974
MOVIE,Battles Without Honor and Humanity: Police Tactics,1974
MOVIE,Beyond the Door,1974
MOVIE,Big Bad Mama,1974
MOVIE,Black Christmas,1974
MOVIE,Bring Me the Head of Alfredo Garcia,1974
MOVIE,Caged Heat,1974
MOVIE,California Split,1974
MOVIE,Captain Kronos – Vampire Hunter,1974
MOVIE,Catch My Soul,1974
MOVIE,Cockfighter,1974
MOVIE,Convent of the Sacred Beast,1974
MOVIE,Craze,1974
MOVIE,Dark Star,1974
MOVIE,Deadly Weapons,1974
MOVIE,Death Wish,1974
MOVIE,Earthquake,1974
MOVIE,Edvard Munch,1974
MOVIE,Emmanuelle,1974
MOVIE,Enter the Devil,1974
MOVIE,Escaped Murderer from Hiroshima Prison,1974
MOVIE,Female Trouble,1974
MOVIE,Flavia the Heretic,1974
MOVIE,Flesh Gordon,1974
MOVIE,Flower and Snake,1974
MOVIE,Foxy Brown,1974
MOVIE,Frankenstein's Castle of Freaks,1974
MOVIE,Frightmare,1974
MOVIE,From Beyond the Grave,1974
MOVIE,Going Places,1974
MOVIE,House of Whipcord,1974
MOVIE,"Ilsa, She Wolf of the SS",1974
MOVIE,It's Alive,1974
MOVIE,L'arbitro,1974
MOVIE,Lisa and the Devil,1974
MOVIE,Love and Death,1974
MOVIE,Mariken van Nieumeghen,1974
MOVIE,Phantom of the Paradise,1974
MOVIE,Playing the Field,1974
MOVIE,Primate,1974
MOVIE,Prophecies of Nostradamus,1974
MOVIE,Santa Fe Satan,1974
MOVIE,School of the Holy Beast,1974
MOVIE,Seizure,1974
MOVIE,Shanks,1974
MOVIE,Space Is the Place,1974
MOVIE,Stardust,1974
MOVIE,Successive Slidings of Pleasure,1974
MOVIE,Sweet Movie,1974
MOVIE,The Arena,1974
MOVIE,The Cars That Ate Paris,1974
MOVIE,The Clockmaker,1974
MOVIE,The Eerie Midnight Horror Show,1974
MOVIE,The Execution of Private Slovik,1974
MOVIE,The Executioner II: Karate Inferno,1974
MOVIE,The Legend of the 7 Golden Vampires,1974
MOVIE,The Longest Yard,1974
MOVIE,The Night Porter,1974
MOVIE,The Parallax View,1974
MOVIE,The Rapacious Jailbreaker,1974
MOVIE,The Sexorcist,1974
MOVIE,The Street Fighter,1974
MOVIE,The Taking of Pelham One Two Three,1974
MOVIE,The Tattooed Hitman,1974
MOVIE,The Transgressor,1974
MOVIE,The Watchmaker of St. Paul,1974
MOVIE,The Yakuza,1974
MOVIE,Thomasine & Bushrod,1974
MOVIE,TNT Jackson,1974
MOVIE,Violent Streets,1974
MOVIE,Zardoz,1974
MOVIE,A Boy and His Dog,1975
MOVIE,Black Emanuelle,1975
MOVIE,Black Moon,1975
MOVIE,Champion of Death,1975
MOVIE,Coonskin,1975
MOVIE,Death Race 2000,1975
MOVIE,Deep Red,1975
MOVIE,Dersu Uzala,1975
MOVIE,Dragon Princess,1975
MOVIE,Friday Foster,1975
MOVIE,Graveyard of Honor,1975
MOVIE,Hard Times,1975
MOVIE,Histoire d'O,1975
MOVIE,Hugo the Hippo,1975
MOVIE,I Don't Want to Be Born,1975
MOVIE,Inserts,1975
MOVIE,"Jeanne Dielman, 23 quai du Commerce, 1080 Bruxelles",1975
MOVIE,Karate Bullfighter,1975
MOVIE,La Bête,1975
MOVIE,Lisztomania,1975
MOVIE,Maîtresse,1975
MOVIE,"Mary, Mary, Bloody Mary",1975
MOVIE,Monty Python and the Holy Grail,1975
MOVIE,Night Moves,1975
MOVIE,Picnic at Hanging Rock,1975
MOVIE,Race with the Devil,1975
MOVIE,Rollerball,1975
MOVIE,"Salò, or the 120 Days of Sodom",1975
MOVIE,Shivers,1975
MOVIE,Sholay,1975
MOVIE,Soul Vengeance,1975
MOVIE,Story of O,1975
MOVIE,Switchblade Sisters,1975
MOVIE,The Beast,1975
MOVIE,The Bullet Train,1975
MOVIE,The Dragon Flies,1975
MOVIE,The Man from Hong Kong,1975
MOVIE,The Passenger,1975
MOVIE,The Stepford Wives,1975
MOVIE,The Streetfighter,1975
MOVIE,Three Days of the Condor,1975
MOVIE,Thundercrack!,1975
MOVIE,Welcome Home Brother Charles,1975
MOVIE,Winstanley,1975
MOVIE,"Alice, Sweet Alice",1976
MOVIE,Assault on Precinct 13,1976
MOVIE,Black Sister's Revenge,1976
MOVIE,Blood Sucking Freaks,1976
MOVIE,Crazed Beast,1976
MOVIE,Embryo,1976
MOVIE,Emma Mae,1976
MOVIE,God Told Me To,1976
MOVIE,Heart of Glass,1976
MOVIE,Hollywood Boulevard,1976
MOVIE,How Much Wood Would a Woodchuck Chuck,1976
MOVIE,In the Realm of the Senses,1976
MOVIE,Keoma,1976
MOVIE,Kings of the Road,1976
MOVIE,Kurutta yaju,1976
MOVIE,Land of the Minotaur,1976
MOVIE,Logan's Run,1976
MOVIE,Mad Dog Morgan,1976
MOVIE,Mansion of the Doomed,1976
MOVIE,Massacre at Central High,1976
MOVIE,"Minotaur, The Mask of the Demons",1976
MOVIE,Noboru Ando's Chronicle of Fugitive Days and Sex,1976
MOVIE,"Rome, Armed to the Teeth",1976
MOVIE,Salon Kitty,1976
MOVIE,Savage Beast Goes Mad,1976
MOVIE,SCUM Manifesto,1976
MOVIE,Sebastiane,1976
MOVIE,Silent Movie,1976
MOVIE,Snuff,1976
MOVIE,Squirm,1976
MOVIE,The Big Racket,1976
MOVIE,The Blank Generation,1976
MOVIE,The Devil's Men,1976
MOVIE,The Devil's Playground,1976
MOVIE,The First Nudie Musical,1976
MOVIE,The Great Texas Dynamite Chase,1976
MOVIE,The House with Laughing Windows,1976
MOVIE,The Killing of a Chinese Bookie,1976
MOVIE,The Legend of the Wolf Woman,1976
MOVIE,The Machine Gun Dragon,1976
MOVIE,The Man on the Roof,1976
MOVIE,The Man Who Fell to Earth,1976
MOVIE,The Marriage of Maria Braun,1976
MOVIE,The Message,1976
MOVIE,The Missouri Breaks,1976
MOVIE,The Omen,1976
MOVIE,The Opening of Misty Beethoven,1976
MOVIE,The Pyramid,1976
MOVIE,The Song Remains the Same,1976
MOVIE,The Tough Ones,1976
MOVIE,Tracks,1976
MOVIE,Up!,1976
MOVIE,Werewolf Woman,1976
MOVIE,Yakuza Cruel Secrets - Arm Dismemberment,1976
MOVIE,Airport '77,1977
MOVIE,Andy Warhol's Bad,1977
MOVIE,Audrey Rose,1977
MOVIE,Blue Sunshine,1977
MOVIE,Cross of Iron,1977
MOVIE,Damnation Alley,1977
MOVIE,Day of the Animals,1977
MOVIE,Demon Seed,1977
MOVIE,Der amerikanische Freund,1977
MOVIE,Desperate Living,1977
MOVIE,Dracula's Dog,1977
MOVIE,Emanuelle and the Last Cannibals,1977
MOVIE,Empire of the Ants,1977
MOVIE,Gestapo's Last Orgy,1977
MOVIE,Golgo 13: Assignment Kowloon,1977
MOVIE,Hausu,1977
MOVIE,High Anxiety,1977
MOVIE,Hitler: A Film from Germany,1977
MOVIE,House,1977
MOVIE,Jabberwocky,1977
MOVIE,Kingdom of the Spiders,1977
MOVIE,La Soufrière,1977
MOVIE,Martin,1977
MOVIE,"New York, New York",1977
MOVIE,Opening Night,1977
MOVIE,Our Hitler,1977
MOVIE,Outrageous!,1977
MOVIE,Rabid,1977
MOVIE,Satan's Cheerleaders,1977
MOVIE,Shock Waves,1977
MOVIE,Slap Shot,1977
MOVIE,Sorcerer,1977
MOVIE,Star Wars Episode IV – A New Hope,1977
MOVIE,Suspiria,1977
MOVIE,Sweeney!,1977
MOVIE,Tentacles,1977
MOVIE,The American Friend,1977
MOVIE,The Duellists,1977
MOVIE,The Gauntlet,1977
MOVIE,The Hills Have Eyes,1977
MOVIE,The Incredible Melting Man,1977
MOVIE,The Island of Dr. Moreau,1977
MOVIE,The Last Wave,1977
MOVIE,The Mighty Peking Man,1977
MOVIE,The Squeeze,1977
MOVIE,Trap Them and Kill Them,1977
MOVIE,Twilight's Last Gleaming,1977
MOVIE,Zoltan... Hound of Dracula,1977
MOVIE,Alucarda,1978
MOVIE,Attack of the Killer Tomatoes,1978
MOVIE,Big Wednesday,1978
MOVIE,Capricorn One,1978
MOVIE,Dawn of the Dead,1978
MOVIE,Day of the Woman,1978
MOVIE,Debbie Does Dallas,1978
MOVIE,Drunken Master,1978
MOVIE,Five Deadly Venoms,1978
MOVIE,Game of Death,1978
MOVIE,Goin' South,1978
MOVIE,I Spit on Your Grave,1978
MOVIE,Invasion of the Body Snatchers,1978
MOVIE,It Lives Again,1978
MOVIE,Jubilee,1978
MOVIE,Let Me Die a Woman,1978
MOVIE,Message from Space,1978
MOVIE,National Lampoon's Animal House,1978
MOVIE,Nighthawks,1978
MOVIE,Piranha,1978
MOVIE,Pretty Baby,1978
MOVIE,Remember My Name,1978
MOVIE,Sgt. Pepper's Lonely Hearts Club Band,1978
MOVIE,Slithis,1978
MOVIE,Spawn of the Slithis,1978
MOVIE,Straight Time,1978
MOVIE,Sweeney 2,1978
MOVIE,Thank God It's Friday,1978
MOVIE,The 36th Chamber of Shaolin,1978
MOVIE,The Chant of Jimmie Blacksmith,1978
MOVIE,The Driver,1978
MOVIE,The End,1978
MOVIE,The Fury,1978
MOVIE,The Inglorious Bastards,1978
MOVIE,The Lord of the Rings,1978
MOVIE,The Manitou,1978
MOVIE,The Medusa Touch,1978
MOVIE,The Silent Partner,1978
MOVIE,The Swarm,1978
MOVIE,The Toolbox Murders,1978
MOVIE,The Wiz,1978
MOVIE,Caligula,1979
MOVIE,Chilly Scenes of Winter,1979
MOVIE,Fascination,1979
MOVIE,Killer Nun,1979
MOVIE,Life of Brian,1979
MOVIE,Lupin III: The Castle of Cagliostro,1979
MOVIE,Mad Max,1979
MOVIE,Monty Python's Life of Brian,1979
MOVIE,Over the Edge,1979
MOVIE,Phantasm,1979
MOVIE,Prophecy,1979
MOVIE,Quadrophenia,1979
MOVIE,Radio On,1979
MOVIE,Rock 'n' Roll High School,1979
MOVIE,Roller Boogie,1979
MOVIE,Scum,1979
MOVIE,Stalker,1979
MOVIE,Surakksha,1979
MOVIE,That Sinking Feeling,1979
MOVIE,The Brood,1979
MOVIE,The Driller Killer,1979
MOVIE,The Great Rock 'n' Roll Swindle,1979
MOVIE,The Wanderers,1979
MOVIE,The Warriors,1979
MOVIE,Winter Kills,1979
MOVIE,Wise Blood,1979
MOVIE,Yesterday's Hero,1979
MOVIE,Zombi 2,1979
MOVIE,Alligator,1980
MOVIE,Altered States,1980
MOVIE,American Gigolo,1980
MOVIE,Antropophagus,1980
MOVIE,Bad Timing,1980
MOVIE,Can't Stop the Music,1980
MOVIE,Cannibal Holocaust,1980
MOVIE,Carny,1980
MOVIE,City of the Living Dead,1980
MOVIE,Deathquake,1980
MOVIE,Forbidden Zone,1980
MOVIE,He Knows You're Alone,1980
MOVIE,Heaven's Gate,1980
MOVIE,Hell of the Living Dead,1980
MOVIE,Humanoids from the Deep,1980
MOVIE,Inferno,1980
MOVIE,Kagemusha,1980
MOVIE,Lightning Over Water,1980
MOVIE,Little Darlings,1980
MOVIE,Magnitude 7.9,1980
MOVIE,Motel Hell,1980
MOVIE,Mother's Day,1980
MOVIE,Shogun Assassin,1980
MOVIE,Star Wars Episode V – The Empire Strikes Back,1980
MOVIE,Stardust Memories,1980
MOVIE,The Boogey Man,1980
MOVIE,The Clones of Bruce Lee,1980
MOVIE,The Club,1980
MOVIE,The Gods Must Be Crazy,1980
MOVIE,The House on the Edge of the Park,1980
MOVIE,The Long Good Friday,1980
MOVIE,The Long Riders,1980
MOVIE,The Ninth Configuration,1980
MOVIE,Tusk,1980
MOVIE,When Time Ran Out,1980
MOVIE,Xanadu,1980
MOVIE,Angel of Vengeance,1981
MOVIE,Blow Out,1981
MOVIE,Body Heat,1981
MOVIE,"Butcher, Baker, Nightmare Maker",1981
MOVIE,Cannibal Ferox,1981
MOVIE,Chashme Buddoor,1981
MOVIE,Christiane F.,1981
MOVIE,Coup de Torchon,1981
MOVIE,Cutter's Way,1981
MOVIE,Dead & Buried,1981
MOVIE,Diva,1981
MOVIE,Escape to Victory,1981
MOVIE,For Y'ur Height Only,1981
MOVIE,Freak Orlando,1981
MOVIE,Heavy Metal,1981
MOVIE,Knightriders,1981
MOVIE,Mad Max 2: The Road Warrior,1981
MOVIE,Ms .45,1981
MOVIE,My Bloody Valentine,1981
MOVIE,Nightmare,1981
MOVIE,Outland,1981
MOVIE,Polyester,1981
MOVIE,Possession,1981
MOVIE,Roar,1981
MOVIE,Roaring Fire,1981
MOVIE,Scanners,1981
MOVIE,Silsila,1981
MOVIE,Southern Comfort,1981
MOVIE,Student Bodies,1981
MOVIE,Tales of Ordinary Madness,1981
MOVIE,The Beyond,1981
MOVIE,The Evil Dead,1981
MOVIE,The House by the Cemetery,1981
MOVIE,The Howling,1981
MOVIE,The Loveless,1981
MOVIE,The Pit,1981
MOVIE,The Postman Always Rings Twice,1981
MOVIE,The Prowler,1981
MOVIE,The Road Warrior,1981
MOVIE,Under the Rainbow,1981
MOVIE,Unico,1981
MOVIE,Wolfen,1981
MOVIE,A Question of Silence,1982
MOVIE,Alone in the Dark,1982
MOVIE,An Inspector Calls,1982
MOVIE,Annie,1982
MOVIE,Basket Case,1982
MOVIE,Blood Camp Thatcher,1982
MOVIE,Britannia Hospital,1982
MOVIE,Burden of Dreams,1982
MOVIE,Café Flesh,1982
MOVIE,Dead Men Don't Wear Plaid,1982
MOVIE,Der Fan,1982
MOVIE,Eating Raoul,1982
MOVIE,Endangered Species,1982
MOVIE,Escape 2000,1982
MOVIE,Fitzcarraldo,1982
MOVIE,Grease 2,1982
MOVIE,La Morte Vivante,1982
MOVIE,Labyrinth of Passion,1982
MOVIE,"Ladies and Gentlemen, The Fabulous Stains",1982
MOVIE,Legend of a Fighter,1982
MOVIE,Liquid Sky,1982
MOVIE,Midnight,1982
MOVIE,Moonlighting,1982
MOVIE,One from the Heart,1982
MOVIE,Personal Best,1982
MOVIE,Pink Floyd – The Wall,1982
MOVIE,Q – The Winged Serpent,1982
MOVIE,Querelle,1982
MOVIE,Smithereens,1982
MOVIE,Swamp Thing,1982
MOVIE,Tenebrae,1982
MOVIE,The Beast Within,1982
MOVIE,The Draughtsman's Contract,1982
MOVIE,The King of Comedy,1982
MOVIE,The Last Unicorn,1982
MOVIE,The Living Dead Girl,1982
MOVIE,The Night of the Shooting Stars,1982
MOVIE,Turkey Shoot,1982
MOVIE,Vincent,1982
MOVIE,White Dog,1982
MOVIE,Amityville 3-D,1983
MOVIE,Blood Simple,1983
MOVIE,Born in Flames,1983
MOVIE,Chained Heat,1983
MOVIE,Christine,1983
MOVIE,Danton,1983
MOVIE,Dark Habits,1983
MOVIE,Jaane Bhi Do Yaaro,1983
MOVIE,Jaws 3-D,1983
MOVIE,Katha,1983
MOVIE,Krull,1983
MOVIE,Never Cry Wolf,1983
MOVIE,Rumble Fish,1983
MOVIE,Sans Soleil,1983
MOVIE,Sleepaway Camp,1983
MOVIE,Something Wicked This Way Comes,1983
MOVIE,Star Wars Episode VI – Return of the Jedi,1983
MOVIE,Strange Brew,1983
MOVIE,The 4th Man,1983
MOVIE,The Fourth Man,1983
MOVIE,The Hunger,1983
MOVIE,The Keep,1983
MOVIE,The Man with Two Brains,1983
MOVIE,The Moon in the Gutter,1983
MOVIE,The Outsiders,1983
MOVIE,The Wounded Man,1983
MOVIE,Valley Girl,1983
MOVIE,Videodrome,1983
MOVIE,Wild Style,1983
MOVIE,Bolero,1984
MOVIE,Breakin,1984
MOVIE,Breakin' 2: Electric Boogaloo,1984
MOVIE,Choose Me,1984
MOVIE,Dreamscape,1984
MOVIE,Heimat,1984
MOVIE,L'addition,1984
MOVIE,Love Streams,1984
MOVIE,Nausicaä of the Valley of the Wind,1984
MOVIE,Night of the Comet,1984
MOVIE,Nothing Lasts Forever,1984
MOVIE,Once Upon a Time in America,1984
MOVIE,One Hundred Days in Palermo,1984
MOVIE,"Paris, Texas",1984
MOVIE,Purana Mandir,1984
MOVIE,Razorback,1984
MOVIE,Repo Man,1984
MOVIE,Streets of Fire,1984
MOVIE,The Adventures of Buckaroo Banzai Across the 8th Dimension,1984
MOVIE,The Brother from Another Planet,1984
MOVIE,The Company of Wolves,1984
MOVIE,The Cotton Club,1984
MOVIE,The Toxic Avenger,1984
MOVIE,The Wannsee Conference,1984
MOVIE,Top Secret!,1984
MOVIE,Voyage of the Rock Aliens,1984
MOVIE,A Chorus Line,1985
MOVIE,A Nightmare on Elm Street 2: Freddy's Revenge,1985
MOVIE,After Hours,1985
MOVIE,Better Off Dead,1985
MOVIE,Clue,1985
MOVIE,Come and See,1985
MOVIE,Crimewave,1985
MOVIE,Day of the Dead,1985
MOVIE,Desert Hearts,1985
MOVIE,Flesh and Blood,1985
MOVIE,Fright Night,1985
MOVIE,King Solomon's Mines,1985
MOVIE,Legend,1985
MOVIE,Lifeforce,1985
MOVIE,Mishima: A Life in Four Chapters,1985
MOVIE,New Wave Hookers,1985
MOVIE,Pee-wee's Big Adventure,1985
MOVIE,Perfect,1985
MOVIE,Police,1985
MOVIE,Pulgasari,1985
MOVIE,Re-Animator,1985
MOVIE,Rendez-vous,1985
MOVIE,Shoah,1985
MOVIE,Subway,1985
MOVIE,Tampopo,1985
MOVIE,The Falcon and the Snowman,1985
MOVIE,The Last Dragon,1985
MOVIE,The Quiet Earth,1985
MOVIE,The Return of the Living Dead,1985
MOVIE,The Time to Live and the Time to Die,1985
MOVIE,Transylvania 6-5000,1985
MOVIE,Warning Sign,1985
MOVIE,9½ Weeks,1986
MOVIE,A Better Tomorrow,1986
MOVIE,Andheri Raat Mein Diya Tere Haath Mein,1986
MOVIE,At Close Range,1986
MOVIE,Betty Blue,1986
MOVIE,Big Trouble in Little China,1986
MOVIE,Caravaggio,1986
MOVIE,Castle in the Sky,1986
MOVIE,Cat City,1986
MOVIE,Chameli Ki Shaadi,1986
MOVIE,"Com Licença, Eu Vou à Luta",1986
MOVIE,Down By Law,1986
MOVIE,Ginger and Fred,1986
MOVIE,Gothic,1986
MOVIE,Henry: Portrait of a Serial Killer,1986
MOVIE,Little Shop of Horrors,1986
MOVIE,Mala Noche,1986
MOVIE,Man Facing Southeast,1986
MOVIE,Manhunter,1986
MOVIE,Sid & Nancy,1986
MOVIE,Something Wild,1986
MOVIE,Street of Crocodiles,1986
MOVIE,The Hitcher,1986
MOVIE,The Transformers: The Movie,1986
MOVIE,True Stories,1986
MOVIE,Vamp,1986
MOVIE,A Chinese Ghost Story,1987
MOVIE,Amazon Women on the Moon,1987
MOVIE,Amerika,1987
MOVIE,Angel Heart,1987
MOVIE,Bad Taste,1987
MOVIE,Bagdad Cafe,1987
MOVIE,Barfly,1987
MOVIE,Candy Mountain,1987
MOVIE,City on Fire,1987
MOVIE,Cobra Verde,1987
MOVIE,Evil Dead II,1987
MOVIE,Hellraiser,1987
MOVIE,House of Games,1987
MOVIE,Ishtar,1987
MOVIE,King Lear,1987
MOVIE,Miami Connection,1987
MOVIE,Mr. India,1987
MOVIE,Near Dark,1987
MOVIE,Nekromantik,1987
MOVIE,Prince of Darkness,1987
MOVIE,Spaceballs,1987
MOVIE,Superman,1987
MOVIE,Superstar: The Karen Carpenter Story,1987
MOVIE,The Believers,1987
MOVIE,The Brave Little Toaster,1987
MOVIE,The Garbage Pail Kids Movie,1987
MOVIE,The Lost Boys,1987
MOVIE,The Monster Squad,1987
MOVIE,The Witches of Eastwick,1987
MOVIE,Tin Men,1987
MOVIE,Wings of Desire,1987
MOVIE,Withnail and I,1987
MOVIE,A Short Film About Killing,1988
MOVIE,Above the Law,1988
MOVIE,Akira,1988
MOVIE,Apartment Zero,1988
MOVIE,Child's Play,1988
MOVIE,Cinema Paradiso,1988
MOVIE,"Distant Voices, Still Lives",1988
MOVIE,Drowning by Numbers,1988
MOVIE,Earth Girls Are Easy,1988
MOVIE,Ghosts… of the Civil Dead,1988
MOVIE,Grave of the Fireflies,1988
MOVIE,Guinea Pig: Mermaid in a Manhole,1988
MOVIE,Hell Comes to Frogtown,1988
MOVIE,Hollywood Chainsaw Hookers,1988
MOVIE,Hotel Terminus: The Life and Times of Klaus Barbie,1988
MOVIE,I'm Gonna Git You Sucka,1988
MOVIE,Killer Klowns from Outer Space,1988
MOVIE,Kung Fu Master,1988
MOVIE,Lady Terminator,1988
MOVIE,Le petit amour,1988
MOVIE,Let's Get Lost,1988
MOVIE,Mac and Me,1988
MOVIE,Maniac Cop,1988
MOVIE,Night of the Demons,1988
MOVIE,Paperhouse,1988
MOVIE,Shahenshah,1988
MOVIE,Talk Radio,1988
MOVIE,The Decline of Western Civilization Part II: The Metal Years,1988
MOVIE,The Milagro Beanfield War,1988
MOVIE,The Navigator: A Medieval Odyssey,1988
MOVIE,The Serpent and the Rainbow,1988
MOVIE,The Vanishing,1988
MOVIE,They Live,1988
MOVIE,Tokyo: The Last Megalopolis,1988
MOVIE,Torch Song Trilogy,1988
MOVIE,Veerana,1988
MOVIE,Women on the Verge of a Nervous Breakdown,1988
MOVIE,¡Átame!,1989
MOVIE,84C MoPic,1989
MOVIE,Begotten,1989
MOVIE,Bill & Ted's Excellent Adventure,1989
MOVIE,Blind Fury,1989
MOVIE,Blood,1989
MOVIE,Clerk,1989
MOVIE,Drugstore Cowboy,1989
MOVIE,For All Mankind,1989
MOVIE,Godzilla vs. Biollante,1989
MOVIE,Heathers,1989
MOVIE,Jesus of Montreal,1989
MOVIE,Kickboxer,1989
MOVIE,Kiki's Delivery Service,1989
MOVIE,Laurin,1989
MOVIE,Legend of the Overfiend,1989
MOVIE,Leningrad Cowboys Go America,1989
MOVIE,"Mama, There's a Man in Your Bed",1989
MOVIE,Meet the Feebles,1989
MOVIE,Mystery Train,1989
MOVIE,O Sangue,1989
MOVIE,Parents,1989
MOVIE,Raakh,1989
MOVIE,Santa Sangre,1989
MOVIE,Society,1989
MOVIE,Tetsuo: The Iron Man,1989
MOVIE,Tetsuro Tamba's Great Spirit World,1989
MOVIE,The Adventures of Baron Munchausen,1989
MOVIE,"The Cook, the Thief, His Wife & Her Lover",1989
MOVIE,The Killer,1989
MOVIE,The Unbelievable Truth,1989
MOVIE,The Winter War,1989
MOVIE,Tie Me Up! Tie Me Down!,1989
MOVIE,Tongues Untied,1989
MOVIE,UHF,1989
MOVIE,Urotsukidōji,1989
MOVIE,Violent Cop,1989
MOVIE,Agneepath,1990
MOVIE,An Angel at My Table,1990
MOVIE,Betsy's Wedding,1990
MOVIE,Blue Steel,1990
MOVIE,Close-Up,1990
MOVIE,Cry-Baby,1990
MOVIE,Demonia,1990
MOVIE,Frankenhooker,1990
MOVIE,Grim Prairie Tales,1990
MOVIE,Havana,1990
MOVIE,Henry & June,1990
MOVIE,King of New York,1990
MOVIE,La Femme Nikita,1990
MOVIE,Miller's Crossing,1990
MOVIE,Naked Tango,1990
MOVIE,Nikita,1990
MOVIE,Pantyhose Hero,1990
MOVIE,Quick Change,1990
MOVIE,Shoot to Kill,1990
MOVIE,State of Grace,1990
MOVIE,The Hairdresser's Husband,1990
MOVIE,The Long Walk Home,1990
MOVIE,The Rainbow Thief,1990
MOVIE,The Witches,1990
MOVIE,Tremors,1990
MOVIE,Troll 2,1990
MOVIE,White Palace,1990
MOVIE,Bill & Ted's Bogus Journey,1991
MOVIE,Child's Play 3,1991
MOVIE,Delicatessen,1991
MOVIE,Europa,1991
MOVIE,Highlander II: The Quickening,1991
MOVIE,Hudson Hawk,1991
MOVIE,Merci la vie,1991
MOVIE,Naked Lunch,1991
MOVIE,Nekromantik 2,1991
MOVIE,New Jack City,1991
MOVIE,Once Upon a Time in China,1991
MOVIE,Otaku no Video,1991
MOVIE,Other People's Money,1991
MOVIE,Poison,1991
MOVIE,Prospero's Books,1991
MOVIE,Sex and Zen,1991
MOVIE,Shakes the Clown,1991
MOVIE,"Thank You, Life",1991
MOVIE,The Rapture,1991
MOVIE,Until the End of the World,1991
MOVIE,Van Gogh,1991
MOVIE,Army of Darkness,1992
MOVIE,Benny's Video,1992
MOVIE,Braindead,1992
MOVIE,Buffy the Vampire Slayer,1992
MOVIE,Dead Alive,1992
MOVIE,Death Becomes Her,1992
MOVIE,Dream of Light,1992
MOVIE,Hard Boiled,1992
MOVIE,Jamón jamón,1992
MOVIE,Jo Jeeta Wohi Sikandar,1992
MOVIE,Les Nuits Fauves,1992
MOVIE,Light Sleeper,1992
MOVIE,Living in Bondage,1992
MOVIE,Man Bites Dog,1992
MOVIE,Minbo,1992
MOVIE,Naked Killer,1992
MOVIE,Poison Ivy,1992
MOVIE,Porco Rosso,1992
MOVIE,Romper Stomper,1992
MOVIE,Savage Nights,1992
MOVIE,Strictly Ballroom,1992
MOVIE,Swoon,1992
MOVIE,The Living End,1992
MOVIE,Tokyo Decadence,1992
MOVIE,Twin Peaks: Fire Walk with Me,1992
MOVIE,Alferd Packer: The Musical,1993
MOVIE,Alive,1993
MOVIE,Body Snatchers,1993
MOVIE,Boxing Helena,1993
MOVIE,Calendar,1993
MOVIE,Cannibal! The Musical,1993
MOVIE,Chicks in White Satin,1993
MOVIE,"Clean, Shaven",1993
MOVIE,Cronos,1993
MOVIE,Dazed and Confused,1993
MOVIE,Falling Down,1993
MOVIE,Farewell My Concubine,1993
MOVIE,Hated: GG Allin and the Murder Junkies,1993
MOVIE,Schramm,1993
MOVIE,Scorned,1993
MOVIE,Searching for Bobby Fischer,1993
MOVIE,Sonatine,1993
MOVIE,Suture,1993
MOVIE,The Blue Kite,1993
MOVIE,The Escort,1993
MOVIE,The Most Terrible Time in My Life,1993
MOVIE,The Secret Garden,1993
MOVIE,The Visitors,1993
MOVIE,Three Colours: Blue,1993
MOVIE,Totally F***ed Up,1993
MOVIE,True Romance,1993
MOVIE,Wide Sargasso Sea,1993
MOVIE,Andaz Apna Apna,1994
MOVIE,Ashes of Time,1994
MOVIE,Bad Boy Bubby,1994
MOVIE,Bandit Queen,1994
MOVIE,Burnt by the Sun,1994
MOVIE,Cemetery Man,1994
MOVIE,Chungking Express,1994
MOVIE,Crumb,1994
MOVIE,Dark Waters,1994
MOVIE,Eat Drink Man Woman,1994
MOVIE,Exotica,1994
MOVIE,Go Fish,1994
MOVIE,Hum Aapke Hain Koun..!,1994
MOVIE,Joan the Maid I: The Battles,1994
MOVIE,Joan the Maid II: The Prisons,1994
MOVIE,La Reine Margot,1994
MOVIE,Léon: The Professional,1994
MOVIE,Muriel's Wedding,1994
MOVIE,New Nightmare,1994
MOVIE,Queen Margot,1994
MOVIE,Serial Mom,1994
MOVIE,Shallow Grave,1994
MOVIE,Sleep with Me,1994
MOVIE,Spanking the Monkey,1994
MOVIE,"The Adventures of Priscilla, Queen of the Desert",1994
MOVIE,The Crow,1994
MOVIE,The Hudsucker Proxy,1994
MOVIE,The Kingdom,1994
MOVIE,The Last Seduction,1994
MOVIE,The Secret of Roan Inish,1994
MOVIE,The Stand,1994
MOVIE,The Sum of Us,1994
MOVIE,Three Colours: Red,1994
MOVIE,Three Colours: White,1994
MOVIE,Wes Craven's New Nightmare,1994
MOVIE,12 Monkeys,1995
MOVIE,Antonia's Line,1995
MOVIE,Clockers,1995
MOVIE,Cold Fever,1995
MOVIE,Cutthroat Island,1995
MOVIE,Dead Man,1995
MOVIE,Devil in a Blue Dress,1995
MOVIE,Empire Records,1995
MOVIE,Gamera: Guardian of the Universe,1995
MOVIE,Ghost in the Shell,1995
MOVIE,Godzilla vs. Destoroyah,1995
MOVIE,Halloween: The Curse of Michael Myers,1995
MOVIE,Judge Dredd,1995
MOVIE,Kids,1995
MOVIE,La Cité des enfants perdus,1995
MOVIE,La haine,1995
MOVIE,Living in Oblivion,1995
MOVIE,Screamers,1995
MOVIE,Seven,1995
MOVIE,Showgirls,1995
MOVIE,Strange Days,1995
MOVIE,Tank Girl,1995
MOVIE,The Addiction,1995
MOVIE,The City of Lost Children,1995
MOVIE,The Day of the Beast,1995
MOVIE,The Doom Generation,1995
MOVIE,The Incredibly True Adventure of Two Girls in Love,1995
MOVIE,The Young Poisoner's Handbook,1995
MOVIE,To Die For,1995
MOVIE,Welcome to the Dollhouse,1995
MOVIE,When Night Is Falling,1995
MOVIE,World's Biggest Gang Bang,1995
MOVIE,Bottle Rocket,1996
MOVIE,Bound,1996
MOVIE,Craft,1996
MOVIE,Crash,1996
MOVIE,Deep Crimson,1996
MOVIE,From Dusk till Dawn,1996
MOVIE,Fudoh: The New Generation,1996
MOVIE,Gamera 2: Attack of Legion,1996
MOVIE,Get on the Bus,1996
MOVIE,Hustler White,1996
MOVIE,Idiot Box,1996
MOVIE,Joe's Apartment,1996
MOVIE,Kids Return,1996
MOVIE,Mars Attacks!,1996
MOVIE,Mary Jane's Not a Virgin Anymore,1996
MOVIE,Mortal Inheritance,1996
MOVIE,Mr. Reliable,1996
MOVIE,Never Met Picasso,1996
MOVIE,Paradise Lost: The Child Murders at Robin Hood Hills,1996
MOVIE,Schizopolis,1996
MOVIE,The Battle of Brazil,1996
MOVIE,The Boy from Mercury,1996
MOVIE,The Celluloid Closet,1996
MOVIE,The Delta,1996
MOVIE,The Hamster Factor and Other Tales of Twelve Monkeys,1996
MOVIE,"The Typewriter, the Rifle and the Movie Camera",1996
MOVIE,Thesis,1996
MOVIE,Trees Lounge,1996
MOVIE,Waiting for Guffman,1996
MOVIE,When We Were Kings,1996
MOVIE,A Gun for Jennifer,1997
MOVIE,Brother,1997
MOVIE,Cure,1997
MOVIE,East Side Story,1997
MOVIE,Fathers' Day,1997
MOVIE,Fireworks,1997
MOVIE,Full Metal Yakuza,1997
MOVIE,Funny Games,1997
MOVIE,Gallivant,1997
MOVIE,Gummo,1997
MOVIE,Habit,1997
MOVIE,Hana-bi,1997
MOVIE,Happy Together,1997
MOVIE,In the Company of Men,1997
MOVIE,Insomnia,1997
MOVIE,Lost Highway,1997
MOVIE,Mr. Nice Guy,1997
MOVIE,Nil by Mouth,1997
MOVIE,Owo Blow: The Genesis,1997
MOVIE,Perfect Blue,1997
MOVIE,Princess Mononoke,1997
MOVIE,Romy and Michele's High School Reunion,1997
MOVIE,Seventh Heaven,1997
MOVIE,"Sick: The Life and Death of Bob Flanagan, Supermasochist",1997
MOVIE,Starship Troopers,1997
MOVIE,The Castle,1997
MOVIE,The Devil's Advocate,1997
MOVIE,The Game,1997
MOVIE,The Life of Jesus,1997
MOVIE,The Peking Man,1997
MOVIE,Troops,1997
MOVIE,Twilight of the Ice Nymphs,1997
MOVIE,23,1998
MOVIE,"Alone, Life Wastes Andy Hardy",1998
MOVIE,Buffalo '66,1998
MOVIE,Croupier,1998
MOVIE,Dark City,1998
MOVIE,Dark Soldier D,1998
MOVIE,Fear and Loathing in Las Vegas,1998
MOVIE,Gunda,1998
MOVIE,Happiness,1998
MOVIE,High Art,1998
MOVIE,Legionnaire,1998
MOVIE,Love Is the Devil: Study for a Portrait of Francis Bacon,1998
MOVIE,My Name Is Joe,1998
MOVIE,Of Freaks and Men,1998
MOVIE,Pi,1998
MOVIE,Ring,1998
MOVIE,Ronin,1998
MOVIE,Run Lola Run,1998
MOVIE,Satya,1998
MOVIE,Sekal Has to Die,1998
MOVIE,Sex and Zen III,1998
MOVIE,Show Me Love,1998
MOVIE,Taxi,1998
MOVIE,The Book of Life,1998
MOVIE,The Celebration,1998
MOVIE,The Decline of Western Civilization Part III,1998
MOVIE,The Dinner Game,1998
MOVIE,The Idiots,1998
MOVIE,The Mighty,1998
MOVIE,The Sound of One Hand Clapping,1998
MOVIE,"Torrente, the Dumb Arm of the Law",1998
MOVIE,Velvet Goldmine,1998
MOVIE,All About My Mother,1999
MOVIE,Audition,1999
MOVIE,Beau Travail,1999
MOVIE,But I'm A Cheerleader,1999
MOVIE,Dead or Alive,1999
MOVIE,East Is East,1999
MOVIE,Existenz,1999
MOVIE,Freeway II: Confessions of a Trickbaby,1999
MOVIE,Galaxy Quest,1999
MOVIE,Gamera 3: Revenge of Iris,1999
MOVIE,George Lucas in Love,1999
MOVIE,Ghost Dog: The Way of the Samurai,1999
MOVIE,Go,1999
MOVIE,Godzilla 2000,1999
MOVIE,Human Traffic,1999
MOVIE,Kikujiro,1999
MOVIE,My Best Fiend,1999
MOVIE,Mystery Men,1999
MOVIE,Office Space,1999
MOVIE,Ring 2,1999
MOVIE,Romance,1999
MOVIE,Rosetta,1999
MOVIE,Sex: The Annabel Chong Story,1999
MOVIE,"South Park: Bigger, Longer & Uncut",1999
MOVIE,The Blair Witch Project,1999
MOVIE,The Creator's Game,1999
MOVIE,The Green Elephant,1999
MOVIE,The Iron Giant,1999
MOVIE,The Limey,1999
MOVIE,The Virgin Suicides,1999
MOVIE,Wisconsin Death Trip,1999
MOVIE,101 Reykjavik,2000
MOVIE,American Psycho,2000
MOVIE,Amores perros,2000
MOVIE,Another Heaven,2000
MOVIE,April Captains,2000
MOVIE,Baise-moi,2000
MOVIE,Battle Royale,2000
MOVIE,Battlefield Earth,2000
MOVIE,Best in Show,2000
MOVIE,Blackboards,2000
MOVIE,Cecil B. Demented,2000
MOVIE,Chicken Run,2000
MOVIE,Chopper,2000
MOVIE,Dancer in the Dark,2000
MOVIE,Ginger Snaps,2000
MOVIE,Girlfight,2000
MOVIE,Groove,2000
MOVIE,In the Mood for Love,2000
MOVIE,La Commune,2000
MOVIE,Mission: Impossible 2,2000
MOVIE,Psycho Beach Party,2000
MOVIE,Shanghai Noon,2000
MOVIE,The City of Lost Souls,2000
MOVIE,The Dish,2000
MOVIE,The Isle,2000
MOVIE,Together,2000
MOVIE,Uzumaki,2000
MOVIE,Versus,2000
MOVIE,À ma sœur!,2001
MOVIE,Das Experiment,2001
MOVIE,Dogtown and Z-Boys,2001
MOVIE,Fat Girl,2001
MOVIE,Final Fantasy: The Spirits Within,2001
MOVIE,"Godzilla, Mothra and King Ghidorah: Giant Monsters All-Out Attack",2001
MOVIE,Hedwig and the Angry Inch,2001
MOVIE,Heist,2001
MOVIE,Ichi the Killer,2001
MOVIE,Josie and the Pussycats,2001
MOVIE,Lagaan,2001
MOVIE,Lantana,2001
MOVIE,Late Marriage,2001
MOVIE,Monsoon Wedding,2001
MOVIE,No Such Thing,2001
MOVIE,Pootie Tang,2001
MOVIE,See Spot Run,2001
MOVIE,Startup.com,2001
MOVIE,Suicide Club,2001
MOVIE,The Deep End,2001
MOVIE,The Devil's Backbone,2001
MOVIE,The Happiness of the Katakuris,2001
MOVIE,The Lord of the Rings,2001
MOVIE,The Lost Skeleton of Cadavra,2001
MOVIE,The Man Who Wasn't There,2001
MOVIE,The Pledge,2001
MOVIE,The Pornographer,2001
MOVIE,The Tailor of Panama,2001
MOVIE,This Filthy Earth,2001
MOVIE,Trouble Every Day,2001
MOVIE,Visitor Q,2001
MOVIE,Wet Hot American Summer,2001
MOVIE,10,2002
MOVIE,24 Hour Party People,2002
MOVIE,28 Days Later,2002
MOVIE,8 Women,2002
MOVIE,Afghan Stories,2002
MOVIE,Auto Focus,2002
MOVIE,Biggie & Tupac,2002
MOVIE,Bubba Ho-Tep,2002
MOVIE,Cinemania,2002
MOVIE,Dark Water,2002
MOVIE,Dog Soldiers,2002
MOVIE,Dracula: Pages from a Virgin's Diary,2002
MOVIE,Friday Night,2002
MOVIE,Funny Ha Ha,2002
MOVIE,Hero,2002
MOVIE,Infernal Affairs,2002
MOVIE,Irréversible,2002
MOVIE,Ju-On: The Grudge,2002
MOVIE,Lilya 4-ever,2002
MOVIE,Lost in La Mancha,2002
MOVIE,Narc,2002
MOVIE,Resident Evil,2002
MOVIE,So Close,2002
MOVIE,Spellbound,2002
MOVIE,Spider,2002
MOVIE,Swept Away,2002
MOVIE,Sympathy for Mr. Vengeance,2002
MOVIE,Ten,2002
MOVIE,The Good Old Naughty Days,2002
MOVIE,The Other Side of the Bed,2002
MOVIE,The Ring,2002
MOVIE,To Be and to Have,2002
MOVIE,Vendredi soir,2002
MOVIE,16 Years of Alcohol,2003
MOVIE,Bad Santa,2003
MOVIE,Capturing the Friedmans,2003
MOVIE,Carandiru,2003
MOVIE,Casa de los babys,2003
MOVIE,Elephant,2003
MOVIE,Freddy vs. Jason,2003
MOVIE,Games of Love and Chance,2003
MOVIE,Gigli,2003
MOVIE,High Tension,2003
MOVIE,House of 1000 Corpses,2003
MOVIE,Interstella 5555,2003
MOVIE,Intolerable Cruelty,2003
MOVIE,Kill Bill: Volume 1,2003
MOVIE,Kontroll,2003
MOVIE,My Life Without Me,2003
MOVIE,Nothing,2003
MOVIE,Oldboy,2003
MOVIE,Ong-Bak: Muay Thai Warrior,2003
MOVIE,Seducing Doctor Lewis,2003
MOVIE,SpiderBabe,2003
MOVIE,"Spring, Summer, Fall, Winter... and Spring",2003
MOVIE,Stuck on You,2003
MOVIE,The Animatrix,2003
MOVIE,The Glamorous Life of Sachiko Hanai,2003
MOVIE,The Lord of the G-Strings: The Femaleship of the String,2003
MOVIE,The Mother,2003
MOVIE,The Return,2003
MOVIE,The Room,2003
MOVIE,The Triplets of Belleville,2003
MOVIE,Torremolinos 73,2003
MOVIE,Touching the Void,2003
MOVIE,Zatōichi,2003
MOVIE,2046,2004
MOVIE,9 Songs,2004
MOVIE,Anchorman: The Legend of Ron Burgundy,2004
MOVIE,Blueberry,2004
MOVIE,Chainsaw Sally,2004
MOVIE,Dawn of the Dead,2004
MOVIE,Dead Man's Shoes,2004
MOVIE,District 13,2004
MOVIE,Downfall,2004
MOVIE,Dumplings,2004
MOVIE,Eating Out,2004
MOVIE,Ghost in the Shell 2: Innocence,2004
MOVIE,Ginger Snaps 2: Unleashed,2004
MOVIE,Ginger Snaps Back: The Beginning,2004
MOVIE,Harold & Kumar Go to White Castle,2004
MOVIE,In the Dark,2004
MOVIE,Kamikaze Girls,2004
MOVIE,Kill Bill: Volume 2,2004
MOVIE,Mean Girls,2004
MOVIE,Metallica: Some Kind of Monster,2004
MOVIE,Night Watch,2004
MOVIE,Palindromes,2004
MOVIE,Primer,2004
MOVIE,Rolling Family,2004
MOVIE,Saw,2004
MOVIE,Shaun of the Dead,2004
MOVIE,Starship Troopers 2: Hero of the Federation,2004
MOVIE,Steamboy,2004
MOVIE,Team America: World Police,2004
MOVIE,The Consequences of Love,2004
MOVIE,The Grudge,2004
MOVIE,The Passion of the Christ,2004
MOVIE,Three... Extremes,2004
MOVIE,Who Killed Brown Owl?,2004
MOVIE,Bee Season,2005
MOVIE,Black,2005
MOVIE,Brick,2005
MOVIE,Brothers of the Head,2005
MOVIE,Calvaire,2005
MOVIE,Crossing the Bridge: The Sound of Istanbul,2005
MOVIE,Factotum,2005
MOVIE,First on the Moon,2005
MOVIE,Forty Shades of Blue,2005
MOVIE,Frankenstein vs. the Creature from Blood Cove,2005
MOVIE,Grizzly Man,2005
MOVIE,Hard Candy,2005
MOVIE,Hostel,2005
MOVIE,Kiss Kiss Bang Bang,2005
MOVIE,Land of the Dead,2005
MOVIE,Lords of Dogtown,2005
MOVIE,Lunacy,2005
MOVIE,Mad Hot Ballroom,2005
MOVIE,MirrorMask,2005
MOVIE,Mutual Appreciation,2005
MOVIE,Our Daily Bread,2005
MOVIE,Reefer Madness: The Movie Musical,2005
MOVIE,Romance & Cigarettes,2005
MOVIE,Sin City,2005
MOVIE,Sisters in Law,2005
MOVIE,Thank You for Smoking,2005
MOVIE,The Aristocrats,2005
MOVIE,The Beat That My Heart Skipped,2005
MOVIE,The King,2005
MOVIE,The Last Mitterrand,2005
MOVIE,The Stink of Flesh,2005
MOVIE,The Three Burials of Melquiades Estrada,2005
MOVIE,The Wayward Cloud,2005
MOVIE,V for Vendetta,2005
MOVIE,William Winckler's Frankenstein vs. the Creature from Blood Cove,2005
MOVIE,A Prairie Home Companion,2006
MOVIE,A Scanner Darkly,2006
MOVIE,Black Sheep,2006
MOVIE,Borat,2006
MOVIE,Brand upon the Brain!,2006
MOVIE,Crank,2006
MOVIE,Deep Water,2006
MOVIE,Ghosts,2006
MOVIE,Idiocracy,2006
MOVIE,Inland Empire,2006
MOVIE,Lady Chatterley,2006
MOVIE,London to Brighton,2006
MOVIE,Lucky Number Slevin,2006
MOVIE,My Super Ex-Girlfriend,2006
MOVIE,"OSS 117: Cairo, Nest of Spies",2006
MOVIE,Renaissance,2006
MOVIE,Scott Walker: 30 Century Man,2006
MOVIE,Shortbus,2006
MOVIE,Snakes on a Plane,2006
MOVIE,Snakes on a Train,2006
MOVIE,The Astronaut Farmer,2006
MOVIE,The Host,2006
MOVIE,The Lives of Others,2006
MOVIE,The Prestige,2006
MOVIE,This Filthy World,2006
MOVIE,A Dog's Breakfast,2007
MOVIE,Aag,2007
MOVIE,Battle for Haditha,2007
MOVIE,Captivity,2007
MOVIE,City of Men,2007
MOVIE,Control,2007
MOVIE,Death Proof,2007
MOVIE,Diary of the Dead,2007
MOVIE,Drifter,2007
MOVIE,Frownland,2007
MOVIE,Grindhouse,2007
MOVIE,Hot Fuzz,2007
MOVIE,Hot Rod,2007
MOVIE,"Lust, Caution",2007
MOVIE,Married Life,2007
MOVIE,My Name Is Bruce,2007
MOVIE,My Winnipeg,2007
MOVIE,No Smoking,2007
MOVIE,Paranormal Activity,2007
MOVIE,Planet Terror,2007
MOVIE,Savage Grace,2007
MOVIE,Teeth,2007
MOVIE,Tell No One,2007
MOVIE,The Aerial,2007
MOVIE,The Golden Compass,2007
MOVIE,The Invasion,2007
MOVIE,The Orphanage,2007
MOVIE,Trick 'r Treat,2007
MOVIE,Viva,2007
MOVIE,Waitress,2007
MOVIE,Walk Hard: The Dewey Cox Story,2007
MOVIE,"You, the Living",2007
MOVIE,Zoo,2007
MOVIE,Be Kind Rewind,2008
MOVIE,Christmas on Mars,2008
MOVIE,Deshdrohi,2008
MOVIE,Gomorrah,2008
MOVIE,Harold & Kumar Escape from Guantanamo Bay,2008
MOVIE,Helen,2008
MOVIE,Hellboy II: The Golden Army,2008
MOVIE,Il divo,2008
MOVIE,Is Anybody There?,2008
MOVIE,Let the Right One In,2008
MOVIE,Man on Wire,2008
MOVIE,Martyrs,2008
MOVIE,Not Quite Hollywood,2008
MOVIE,Of Time and the City,2008
MOVIE,One-Eyed Monster,2008
MOVIE,Punisher: War Zone,2008
MOVIE,Séraphine,2008
MOVIE,Sleep Furiously,2008
MOVIE,Speed Racer,2008
MOVIE,"Synecdoche, New York",2008
MOVIE,The Cottage,2008
MOVIE,The Wackness,2008
MOVIE,Twilight,2008
MOVIE,Waltz with Bashir,2008
MOVIE,A Prophet,2009
MOVIE,Antichrist,2009
MOVIE,Batbabe: The Dark Nightie,2009
MOVIE,Chloe,2009
MOVIE,Daddy Longlegs,2009
MOVIE,Don't Worry About Me,2009
MOVIE,Humpday,2009
MOVIE,Ivul,2009
MOVIE,Katalin Varga,2009
MOVIE,Life During Wartime,2009
MOVIE,Moon,2009
MOVIE,Mr. Nobody,2009
MOVIE,Nowhere Boy,2009
MOVIE,Precious,2009
MOVIE,Sin nombre,2009
MOVIE,Splice,2009
MOVIE,The Age of Stupid,2009
MOVIE,The Cove,2009
MOVIE,The Road,2009
MOVIE,The White Ribbon,2009
MOVIE,Uncertainty,2009
MOVIE,Wild Grass,2009
MOVIE,A Serbian Film,2010
MOVIE,Burlesque,2010
MOVIE,Content,2010
MOVIE,MacGruber,2010
MOVIE,Scott Pilgrim vs. the World,2010
MOVIE,Who Killed Captain Alex?,2010
MOVIE,Wild Target,2010
MOVIE,American Mary,2012
MOVIE,Hard to Be a God,2013
MOVIE,Jodorowsky's Dune,2013
MOVIE,Rhymes for Young Ghouls,2013
MOVIE,A Girl Walks Home Alone at Night,2014
MOVIE,Fateful Findings,2014
MOVIE,Black,2015
MOVIE,The Lure,2015
MOVIE,Lemonade,2016
MOVIE,One Cut of the Dead,2017
MOVIE,"The Night Is Short, Walk On Girl",2017
MOVIE,Leave No Trace,2018
MOVIE,Octavio Is Dead!,2018
MOVIE,Suspiria,2018
MOVIE,The Crossing,2018
MOVIE,Frozen 2,2019
MOVIE,Koko-di Koko-da,2019
MOVIE,The Death of Dick Long,2019
MOVIE,Av – The Hunt,2020
MOVIE,The Curse of Willow Song,2020
MOVIE,Pig,2021
MOVIE,Space Sweepers,2021
MOVIE,Pearl,2022
MOVIE,Skinamarink,2022
MOVIE,X,2022
MOVIE,Avatar: Fire and Ash,2025
MOVIE,Ne Zha 2,2025
