mediaType,title,year,tags
MOVIE,Can't Stop the Music,1980,Razzie Winner
MOVIE,Cruising,1980,Razzie Nominee
MOVIE,Raise the Titanic,1980,Razzie Nominee
MOVIE,Saturn 3,1980,Razzie Nominee
MOVIE,The Formula,1980,Razzie Nominee
MOVIE,The Jazz Singer,1980,Razzie Nominee
MOVIE,The Nude Bomb,1980,Razzie Nominee
MOVIE,Windows,1980,Razzie Nominee
MOVIE,Xanadu,1980,Razzie Nominee
MOVIE,Endless Love,1981,Razzie Nominee
MOVIE,Heaven's Gate,1981,Razzie Nominee
MOVIE,"Tarzan, the Ape Man",1981,Razzie Nominee
MOVIE,The Legend of the Lone Ranger,1981,Razzie Nominee
MOVIE,Annie,1982,Razzie Nominee
MOVIE,Butterfly,1982,Razzie Nominee
MOVIE,Inchon,1982,Razzie Winner
MOVIE,Megaforce,1982,Razzie Nominee
MOVIE,The Pirate Movie,1982,Razzie Nominee
MOVIE,Hercules,1983,Razzie Nominee
MOVIE,Jaws 3-D,1983,Razzie Nominee
MOVIE,Stroker Ace,1983,Razzie Nominee
MOVIE,The Lonely Lady,1983,Razzie Winner
MOVIE,Two of a Kind,1983,Razzie Nominee
MOVIE,Bolero,1984,Razzie Winner
MOVIE,Cannonball Run II,1984,Razzie Nominee
MOVIE,Rhinestone,1984,Razzie Nominee
MOVIE,Sheena,1984,Razzie Nominee
MOVIE,Where the Boys Are '84,1984,Razzie Nominee
MOVIE,Fever Pitch,1985,Razzie Nominee
MOVIE,Revolution,1985,Razzie Nominee
MOVIE,Year of the Dragon,1985,Razzie Nominee
MOVIE,Blue City,1986,Razzie Nominee
MOVIE,Cobra,1986,Razzie Nominee
MOVIE,Shanghai Surprise,1986,Razzie Nominee
MOVIE,Under the Cherry Moon,1986,Razzie Winner
MOVIE,Ishtar,1987,Razzie Nominee
MOVIE,Jaws: The Revenge,1987,Razzie Nominee
MOVIE,Leonard Part 6,1987,Razzie Winner
MOVIE,Tough Guys Don't Dance,1987,Razzie Nominee
MOVIE,Who's That Girl,1987,Razzie Nominee
MOVIE,Caddyshack II,1988,Razzie Nominee
MOVIE,Hot to Trot,1988,Razzie Nominee
MOVIE,Mac and Me,1988,Razzie Nominee
MOVIE,Lock Up,1989,Razzie Nominee
MOVIE,Speed Zone,1989,Razzie Nominee
MOVIE,Ghosts Can't Do It,1990,Razzie Winner
MOVIE,Graffiti Bridge,1990,Razzie Nominee
MOVIE,The Adventures of Ford Fairlane,1990,Razzie Winner
MOVIE,The Bonfire of the Vanities,1990,Razzie Nominee
MOVIE,Cool as Ice,1991,Razzie Nominee
MOVIE,Dice Rules,1991,Razzie Nominee
MOVIE,Hudson Hawk,1991,Razzie Winner
MOVIE,Nothing but Trouble,1991,Razzie Nominee
MOVIE,Return to the Blue Lagoon,1991,Razzie Nominee
MOVIE,Christopher Columbus: The Discovery,1992,Razzie Nominee
MOVIE,Final Analysis,1992,Razzie Nominee
MOVIE,Shining Through,1992,Razzie Winner
MOVIE,Body of Evidence,1993,Razzie Nominee
MOVIE,Sliver,1993,Razzie Nominee
MOVIE,Color of Night,1994,Razzie Winner
MOVIE,North,1994,Razzie Nominee
MOVIE,On Deadly Ground,1994,Razzie Nominee
MOVIE,The Specialist,1994,Razzie Nominee
MOVIE,Wyatt Earp,1994,Razzie Nominee
MOVIE,Congo,1995,Razzie Nominee
MOVIE,It's Pat,1995,Razzie Nominee
MOVIE,Showgirls,1995,Razzie Winner
MOVIE,The Scarlet Letter,1995,Razzie Nominee
MOVIE,Barb Wire,1996,Razzie Nominee
MOVIE,Ed,1996,Razzie Nominee
MOVIE,Striptease,1996,Razzie Winner
MOVIE,The Island of Dr. Moreau,1996,Razzie Nominee
MOVIE,The Stupids,1996,Razzie Nominee
MOVIE,Anaconda,1997,Razzie Nominee
MOVIE,Fire Down Below,1997,Razzie Nominee
MOVIE,Speed 2: Cruise Control,1997,Razzie Nominee
MOVIE,An Alan Smithee Film: Burn Hollywood Burn,1998,Razzie Winner
MOVIE,Godzilla,1998,Razzie Nominee
MOVIE,Spice World,1998,Razzie Nominee
MOVIE,The Avengers,1998,Razzie Nominee
MOVIE,The Blair Witch Project,1999,Razzie Nominee
MOVIE,The Haunting,1999,Razzie Nominee
MOVIE,Battlefield Earth,2000,Razzie Winner
MOVIE,Book of Shadows: Blair Witch 2,2000,Razzie Nominee
MOVIE,Little Nicky,2000,Razzie Nominee
MOVIE,The Flintstones in Viva Rock Vegas,2000,Razzie Nominee
MOVIE,The Next Best Thing,2000,Razzie Nominee
MOVIE,3000 Miles to Graceland,2001,Razzie Nominee
MOVIE,Driven,2001,Razzie Nominee
MOVIE,Freddy Got Fingered,2001,Razzie Winner
MOVIE,Glitter,2001,Razzie Nominee
MOVIE,Crossroads,2002,Razzie Nominee
MOVIE,Pinocchio,2002,Razzie Nominee
MOVIE,Swept Away,2002,Razzie Winner
MOVIE,The Adventures of Pluto Nash,2002,Razzie Nominee
MOVIE,Charlie's Angels: Full Throttle,2003,Razzie Nominee
MOVIE,From Justin to Kelly,2003,Razzie Nominee
MOVIE,Gigli,2003,Razzie Winner
MOVIE,The Cat in the Hat,2003,Razzie Nominee
MOVIE,The Real Cancun,2003,Razzie Nominee
MOVIE,Alexander,2004,Razzie Nominee
MOVIE,Superbabies: Baby Geniuses 2,2004,Razzie Nominee
MOVIE,Surviving Christmas,2004,Razzie Nominee
MOVIE,Deuce Bigalow: European Gigolo,2005,Razzie Nominee
MOVIE,Dirty Love,2005,Razzie Winner
MOVIE,House of Wax,2005,Razzie Nominee
MOVIE,Son of the Mask,2005,Razzie Nominee
MOVIE,The Dukes of Hazzard,2005,Razzie Nominee
MOVIE,Basic Instinct 2,2006,Razzie Winner
MOVIE,BloodRayne,2006,Razzie Nominee
MOVIE,Lady in the Water,2006,Razzie Nominee
MOVIE,Little Man,2006,Razzie Nominee
MOVIE,The Wicker Man,2006,Razzie Nominee
MOVIE,Bratz,2007,Razzie Nominee
MOVIE,Daddy Day Camp,2007,Razzie Nominee
MOVIE,I Know Who Killed Me,2007,Razzie Winner
MOVIE,I Now Pronounce You Chuck & Larry,2007,Razzie Nominee
MOVIE,Norbit,2007,Razzie Nominee
MOVIE,Disaster Movie,2008,Razzie Nominee
MOVIE,In the Name of the King,2008,Razzie Nominee
MOVIE,Meet the Spartans,2008,Razzie Nominee
MOVIE,The Happening,2008,Razzie Nominee
MOVIE,The Hottie & the Nottie,2008,Razzie Nominee
MOVIE,The Love Guru,2008,Razzie Winner
MOVIE,All About Steve,2009,Razzie Nominee
MOVIE,Land of the Lost,2009,Razzie Nominee
MOVIE,The Bounty Hunter,2010,Razzie Nominee
MOVIE,The Last Airbender,2010,Razzie Winner
MOVIE,The Twilight Saga: Eclipse,2010,Razzie Nominee
MOVIE,Vampires Suck,2010,Razzie Nominee
MOVIE,Bucky Larson: Born to Be a Star,2011,Razzie Nominee
MOVIE,Jack and Jill,2011,Razzie Winner
MOVIE,New Year's Eve,2011,Razzie Nominee
MOVIE,A Thousand Words,2012,Razzie Nominee
MOVIE,Battleship,2012,Razzie Nominee
MOVIE,That's My Boy,2012,Razzie Nominee
MOVIE,The Oogieloves in the Big Balloon Adventure,2012,Razzie Nominee
MOVIE,After Earth,2013,Razzie Nominee
MOVIE,Movie 43,2013,Razzie Winner
MOVIE,Left Behind,2014,Razzie Nominee
MOVIE,Saving Christmas,2014,Razzie Winner
MOVIE,Teenage Mutant Ninja Turtles,2014,Razzie Nominee
MOVIE,The Legend of Hercules,2014,Razzie Nominee
MOVIE,Fifty Shades of Grey,2015,Razzie Winner
MOVIE,Jupiter Ascending,2015,Razzie Nominee
MOVIE,Paul Blart: Mall Cop 2,2015,Razzie Nominee
MOVIE,Pixels,2015,Razzie Nominee
MOVIE,Dirty Grandpa,2016,Razzie Nominee
MOVIE,Gods of Egypt,2016,Razzie Nominee
MOVIE,Hillary's America: The Secret History of the Democratic Party,2016,Razzie Winner
MOVIE,Independence Day: Resurgence,2016,Razzie Nominee
MOVIE,Zoolander 2,2016,Razzie Nominee
MOVIE,Fifty Shades Darker,2017,Razzie Nominee
MOVIE,The Emoji Movie,2017,Razzie Winner
MOVIE,The Mummy,2017,Razzie Nominee
MOVIE,Gotti,2018,Razzie Nominee
MOVIE,Holmes & Watson,2018,Razzie Winner
MOVIE,Robin Hood,2018,Razzie Nominee
MOVIE,The Happytime Murders,2018,Razzie Nominee
MOVIE,Winchester,2018,Razzie Nominee
MOVIE,Cats,2019,Razzie Winner
MOVIE,The Fanatic,2019,Razzie Nominee
MOVIE,The Haunting of Sharon Tate,2019,Razzie Nominee
MOVIE,365 Days,2020,Razzie Nominee
MOVIE,Absolute Proof,2020,Razzie Winner
MOVIE,Dolittle,2020,Razzie Nominee
MOVIE,Fantasy Island,2020,Razzie Nominee
MOVIE,Music,2020,Razzie Nominee
MOVIE,Diana the Musical,2021,Razzie Winner
MOVIE,Infinite,2021,Razzie Nominee
MOVIE,Karen,2021,Razzie Nominee
MOVIE,The Woman in the Window,2021,Razzie Nominee
MOVIE,Disney's Pinocchio,2022,Razzie Nominee
MOVIE,Good Mourning,2022,Razzie Nominee
MOVIE,The King's Daughter,2022,Razzie Nominee
MOVIE,Expend4bles,2023,Razzie Nominee
MOVIE,Meg 2: The Trench,2023,Razzie Nominee
MOVIE,The Exorcist: Believer,2023,Razzie Nominee
MOVIE,Winnie-the-Pooh: Blood and Honey,2023,Razzie Winner
MOVIE,Borderlands,2024,Razzie Nominee
MOVIE,Megalopolis,2024,Razzie Nominee
MOVIE,Reagan,2024,Razzie Nominee
MOVIE,Hurry Up Tomorrow,2025,Razzie Nominee
MOVIE,Star Trek: Section 31,2025,Razzie Nominee
MOVIE,The Electric State,2025,Razzie Nominee
